{
  "collection": "accomplishments",
  "meta": {
    "accountability": "all",
    "archive_app_filter": true,
    "archive_field": "status",
    "archive_value": "archived",
    "collapse": "open",
    "collection": "accomplishments",
    "color": null,
    "display_template": "{{primary_title}} @ {{position.company.name}}",
    "group": "identity",
    "hidden": false,
    "icon": null,
    "item_duplication_fields": null,
    "note": null,
    "preview_url": null,
    "singleton": false,
    "sort": 5,
    "sort_field": "sort",
    "translations": null,
    "unarchive_value": "draft",
    "versioning": false
  },
  "schema": {
    "name": "accomplishments"
  },
  "fields": [
    {
      "field": "accomplishment_type",
      "type": "string",
      "meta": {
        "collection": "accomplishments",
        "conditions": null,
        "display": null,
        "display_options": null,
        "field": "accomplishment_type",
        "group": null,
        "hidden": false,
        "interface": "select-dropdown",
        "note": null,
        "options": {
          "choices": [
            {
              "text": "Achievement",
              "value": "achievement"
            },
            {
              "text": "Project",
              "value": "project"
            },
            {
              "text": "Initiative",
              "value": "initiative"
            },
            {
              "text": "Award",
              "value": "award"
            },
            {
              "text": "Recognition",
              "value": "recognition"
            },
            {
              "text": "Process Improvement",
              "value": "process_improvement"
            },
            {
              "text": "Cost Savings",
              "value": "cost_savings"
            },
            {
              "text": "Revenue Growth",
              "value": "revenue_growth"
            }
          ]
        },
        "readonly": false,
        "required": false,
        "sort": 12,
        "special": null,
        "translations": null,
        "validation": null,
        "validation_message": null,
        "width": "half"
      },
      "schema": {
        "name": "accomplishment_type",
        "table": "accomplishments",
        "data_type": "character varying",
        "default_value": null,
        "max_length": 255,
        "numeric_precision": null,
        "numeric_scale": null,
        "is_nullable": true,
        "is_unique": false,
        "is_indexed": false,
        "is_primary_key": false,
        "is_generated": false,
        "generation_expression": null,
        "has_auto_increment": false,
        "foreign_key_table": null,
        "foreign_key_column": null
      }
    },
    {
      "field": "accomplishment_variations",
      "type": "alias",
      "meta": {
        "collection": "accomplishments",
        "conditions": null,
        "display": null,
        "display_options": null,
        "field": "accomplishment_variations",
        "group": null,
        "hidden": false,
        "interface": "list-o2m",
        "note": null,
        "options": null,
        "readonly": false,
        "required": false,
        "sort": 16,
        "special": [
          "o2m"
        ],
        "translations": null,
        "validation": null,
        "validation_message": null,
        "width": "full"
      }
    },
    {
      "field": "approximate_date",
      "type": "date",
      "meta": {
        "collection": "accomplishments",
        "conditions": null,
        "display": null,
        "display_options": null,
        "field": "approximate_date",
        "group": null,
        "hidden": false,
        "interface": "datetime",
        "note": null,
        "options": {
          "format": "short"
        },
        "readonly": false,
        "required": false,
        "sort": 23,
        "special": null,
        "translations": null,
        "validation": null,
        "validation_message": null,
        "width": "full"
      },
      "schema": {
        "name": "approximate_date",
        "table": "accomplishments",
        "data_type": "date",
        "default_value": null,
        "max_length": null,
        "numeric_precision": null,
        "numeric_scale": null,
        "is_nullable": true,
        "is_unique": false,
        "is_indexed": false,
        "is_primary_key": false,
        "is_generated": false,
        "generation_expression": null,
        "has_auto_increment": false,
        "foreign_key_table": null,
        "foreign_key_column": null
      }
    },
    {
      "field": "date_achieved",
      "type": "date",
      "meta": {
        "collection": "accomplishments",
        "conditions": null,
        "display": null,
        "display_options": null,
        "field": "date_achieved",
        "group": null,
        "hidden": false,
        "interface": "datetime",
        "note": null,
        "options": {
          "includeSeconds": false
        },
        "readonly": false,
        "required": false,
        "sort": 13,
        "special": null,
        "translations": null,
        "validation": null,
        "validation_message": null,
        "width": "half"
      },
      "schema": {
        "name": "date_achieved",
        "table": "accomplishments",
        "data_type": "date",
        "default_value": null,
        "max_length": null,
        "numeric_precision": null,
        "numeric_scale": null,
        "is_nullable": true,
        "is_unique": false,
        "is_indexed": false,
        "is_primary_key": false,
        "is_generated": false,
        "generation_expression": null,
        "has_auto_increment": false,
        "foreign_key_table": null,
        "foreign_key_column": null
      }
    },
    {
      "field": "date_created",
      "type": "timestamp",
      "meta": {
        "collection": "accomplishments",
        "conditions": null,
        "display": "datetime",
        "display_options": {
          "relative": true
        },
        "field": "date_created",
        "group": null,
        "hidden": true,
        "interface": "datetime",
        "note": null,
        "options": null,
        "readonly": true,
        "required": false,
        "sort": 5,
        "special": [
          "date-created"
        ],
        "translations": null,
        "validation": null,
        "validation_message": null,
        "width": "half"
      },
      "schema": {
        "name": "date_created",
        "table": "accomplishments",
        "data_type": "timestamp with time zone",
        "default_value": null,
        "max_length": null,
        "numeric_precision": null,
        "numeric_scale": null,
        "is_nullable": true,
        "is_unique": false,
        "is_indexed": false,
        "is_primary_key": false,
        "is_generated": false,
        "generation_expression": null,
        "has_auto_increment": false,
        "foreign_key_table": null,
        "foreign_key_column": null
      }
    },
    {
      "field": "date_updated",
      "type": "timestamp",
      "meta": {
        "collection": "accomplishments",
        "conditions": null,
        "display": "datetime",
        "display_options": {
          "relative": true
        },
        "field": "date_updated",
        "group": null,
        "hidden": true,
        "interface": "datetime",
        "note": null,
        "options": null,
        "readonly": true,
        "required": false,
        "sort": 7,
        "special": [
          "date-updated"
        ],
        "translations": null,
        "validation": null,
        "validation_message": null,
        "width": "half"
      },
      "schema": {
        "name": "date_updated",
        "table": "accomplishments",
        "data_type": "timestamp with time zone",
        "default_value": null,
        "max_length": null,
        "numeric_precision": null,
        "numeric_scale": null,
        "is_nullable": true,
        "is_unique": false,
        "is_indexed": false,
        "is_primary_key": false,
        "is_generated": false,
        "generation_expression": null,
        "has_auto_increment": false,
        "foreign_key_table": null,
        "foreign_key_column": null
      }
    },
    {
      "field": "education",
      "type": "alias",
      "meta": {
        "collection": "accomplishments",
        "conditions": null,
        "display": null,
        "display_options": null,
        "field": "education",
        "group": null,
        "hidden": false,
        "interface": "list-m2m",
        "note": null,
        "options": null,
        "readonly": false,
        "required": false,
        "sort": 22,
        "special": [
          "m2m"
        ],
        "translations": null,
        "validation": null,
        "validation_message": null,
        "width": "full"
      }
    },
    {
      "field": "evidence_links",
      "type": "json",
      "meta": {
        "collection": "accomplishments",
        "conditions": null,
        "display": null,
        "display_options": null,
        "field": "evidence_links",
        "group": null,
        "hidden": false,
        "interface": "input-code",
        "note": null,
        "options": {
          "language": "json"
        },
        "readonly": false,
        "required": false,
        "sort": 14,
        "special": null,
        "translations": null,
        "validation": null,
        "validation_message": null,
        "width": "full"
      },
      "schema": {
        "name": "evidence_links",
        "table": "accomplishments",
        "data_type": "json",
        "default_value": null,
        "max_length": null,
        "numeric_precision": null,
        "numeric_scale": null,
        "is_nullable": true,
        "is_unique": false,
        "is_indexed": false,
        "is_primary_key": false,
        "is_generated": false,
        "generation_expression": null,
        "has_auto_increment": false,
        "foreign_key_table": null,
        "foreign_key_column": null
      }
    },
    {
      "field": "id",
      "type": "integer",
      "meta": {
        "collection": "accomplishments",
        "conditions": null,
        "display": null,
        "display_options": null,
        "field": "id",
        "group": null,
        "hidden": true,
        "interface": "input",
        "note": null,
        "options": null,
        "readonly": true,
        "required": false,
        "sort": 1,
        "special": null,
        "translations": null,
        "validation": null,
        "validation_message": null,
        "width": "full"
      },
      "schema": {
        "name": "id",
        "table": "accomplishments",
        "data_type": "integer",
        "default_value": null,
        "max_length": null,
        "numeric_precision": 32,
        "numeric_scale": 0,
        "is_nullable": false,
        "is_unique": true,
        "is_indexed": false,
        "is_primary_key": true,
        "is_generated": false,
        "generation_expression": null,
        "has_auto_increment": true,
        "foreign_key_table": null,
        "foreign_key_column": null
      }
    },
    {
      "field": "impact_metrics",
      "type": "text",
      "meta": {
        "collection": "accomplishments",
        "conditions": null,
        "display": null,
        "display_options": null,
        "field": "impact_metrics",
        "group": null,
        "hidden": false,
        "interface": "input-multiline",
        "note": null,
        "options": null,
        "readonly": false,
        "required": false,
        "sort": 11,
        "special": null,
        "translations": null,
        "validation": null,
        "validation_message": null,
        "width": "half"
      },
      "schema": {
        "name": "impact_metrics",
        "table": "accomplishments",
        "data_type": "text",
        "default_value": null,
        "max_length": null,
        "numeric_precision": null,
        "numeric_scale": null,
        "is_nullable": true,
        "is_unique": false,
        "is_indexed": false,
        "is_primary_key": false,
        "is_generated": false,
        "generation_expression": null,
        "has_auto_increment": false,
        "foreign_key_table": null,
        "foreign_key_column": null
      }
    },
    {
      "field": "is_featured",
      "type": "boolean",
      "meta": {
        "collection": "accomplishments",
        "conditions": null,
        "display": null,
        "display_options": null,
        "field": "is_featured",
        "group": null,
        "hidden": false,
        "interface": "boolean",
        "note": null,
        "options": null,
        "readonly": false,
        "required": false,
        "sort": 9,
        "special": null,
        "translations": null,
        "validation": null,
        "validation_message": null,
        "width": "half"
      },
      "schema": {
        "name": "is_featured",
        "table": "accomplishments",
        "data_type": "boolean",
        "default_value": false,
        "max_length": null,
        "numeric_precision": null,
        "numeric_scale": null,
        "is_nullable": true,
        "is_unique": false,
        "is_indexed": false,
        "is_primary_key": false,
        "is_generated": false,
        "generation_expression": null,
        "has_auto_increment": false,
        "foreign_key_table": null,
        "foreign_key_column": null
      }
    },
    {
      "field": "position",
      "type": "integer",
      "meta": {
        "collection": "accomplishments",
        "conditions": null,
        "display": null,
        "display_options": null,
        "field": "position",
        "group": null,
        "hidden": false,
        "interface": "select-dropdown-m2o",
        "note": null,
        "options": null,
        "readonly": false,
        "required": false,
        "sort": 15,
        "special": [
          "m2o"
        ],
        "translations": null,
        "validation": null,
        "validation_message": null,
        "width": "full"
      },
      "schema": {
        "name": "position",
        "table": "accomplishments",
        "data_type": "integer",
        "default_value": null,
        "max_length": null,
        "numeric_precision": 32,
        "numeric_scale": 0,
        "is_nullable": true,
        "is_unique": false,
        "is_indexed": false,
        "is_primary_key": false,
        "is_generated": false,
        "generation_expression": null,
        "has_auto_increment": false,
        "foreign_key_table": "positions",
        "foreign_key_column": "id"
      }
    },
    {
      "field": "primary_description",
      "type": "text",
      "meta": {
        "collection": "accomplishments",
        "conditions": null,
        "display": null,
        "display_options": null,
        "field": "primary_description",
        "group": null,
        "hidden": false,
        "interface": "input-rich-text-html",
        "note": null,
        "options": null,
        "readonly": false,
        "required": true,
        "sort": 10,
        "special": null,
        "translations": null,
        "validation": null,
        "validation_message": null,
        "width": "full"
      },
      "schema": {
        "name": "primary_description",
        "table": "accomplishments",
        "data_type": "text",
        "default_value": null,
        "max_length": null,
        "numeric_precision": null,
        "numeric_scale": null,
        "is_nullable": false,
        "is_unique": false,
        "is_indexed": false,
        "is_primary_key": false,
        "is_generated": false,
        "generation_expression": null,
        "has_auto_increment": false,
        "foreign_key_table": null,
        "foreign_key_column": null
      }
    },
    {
      "field": "primary_title",
      "type": "string",
      "meta": {
        "collection": "accomplishments",
        "conditions": null,
        "display": null,
        "display_options": null,
        "field": "primary_title",
        "group": null,
        "hidden": false,
        "interface": "input",
        "note": null,
        "options": null,
        "readonly": false,
        "required": true,
        "sort": 8,
        "special": null,
        "translations": null,
        "validation": null,
        "validation_message": null,
        "width": "half"
      },
      "schema": {
        "name": "primary_title",
        "table": "accomplishments",
        "data_type": "character varying",
        "default_value": null,
        "max_length": 255,
        "numeric_precision": null,
        "numeric_scale": null,
        "is_nullable": false,
        "is_unique": false,
        "is_indexed": false,
        "is_primary_key": false,
        "is_generated": false,
        "generation_expression": null,
        "has_auto_increment": false,
        "foreign_key_table": null,
        "foreign_key_column": null
      }
    },
    {
      "field": "related_projects",
      "type": "alias",
      "meta": {
        "collection": "accomplishments",
        "conditions": null,
        "display": null,
        "display_options": null,
        "field": "related_projects",
        "group": null,
        "hidden": false,
        "interface": "list-m2m",
        "note": null,
        "options": null,
        "readonly": false,
        "required": false,
        "sort": 20,
        "special": [
          "m2m"
        ],
        "translations": null,
        "validation": null,
        "validation_message": null,
        "width": "full"
      }
    },
    {
      "field": "related_skills",
      "type": "alias",
      "meta": {
        "collection": "accomplishments",
        "conditions": null,
        "display": "related-values",
        "display_options": {
          "template": "{{skills_id.name}}"
        },
        "field": "related_skills",
        "group": null,
        "hidden": false,
        "interface": "list-m2m",
        "note": null,
        "options": null,
        "readonly": false,
        "required": false,
        "sort": 21,
        "special": [
          "m2m"
        ],
        "translations": null,
        "validation": null,
        "validation_message": null,
        "width": "full"
      }
    },
    {
      "field": "related_technologies",
      "type": "alias",
      "meta": {
        "collection": "accomplishments",
        "conditions": null,
        "display": null,
        "display_options": null,
        "field": "related_technologies",
        "group": null,
        "hidden": false,
        "interface": "list-m2m",
        "note": null,
        "options": null,
        "readonly": false,
        "required": false,
        "sort": 18,
        "special": [
          "m2m"
        ],
        "translations": null,
        "validation": null,
        "validation_message": null,
        "width": "full"
      }
    },
    {
      "field": "sort",
      "type": "integer",
      "meta": {
        "collection": "accomplishments",
        "conditions": null,
        "display": null,
        "display_options": null,
        "field": "sort",
        "group": null,
        "hidden": true,
        "interface": "input",
        "note": null,
        "options": null,
        "readonly": false,
        "required": false,
        "sort": 3,
        "special": null,
        "translations": null,
        "validation": null,
        "validation_message": null,
        "width": "full"
      },
      "schema": {
        "name": "sort",
        "table": "accomplishments",
        "data_type": "integer",
        "default_value": null,
        "max_length": null,
        "numeric_precision": 32,
        "numeric_scale": 0,
        "is_nullable": true,
        "is_unique": false,
        "is_indexed": false,
        "is_primary_key": false,
        "is_generated": false,
        "generation_expression": null,
        "has_auto_increment": false,
        "foreign_key_table": null,
        "foreign_key_column": null
      }
    },
    {
      "field": "status",
      "type": "string",
      "meta": {
        "collection": "accomplishments",
        "conditions": null,
        "display": "labels",
        "display_options": {
          "choices": [
            {
              "background": "var(--theme--primary-background)",
              "color": "var(--theme--primary)",
              "foreground": "var(--theme--primary)",
              "text": "$t:published",
              "value": "published"
            },
            {
              "background": "var(--theme--background-normal)",
              "color": "var(--theme--foreground)",
              "foreground": "var(--theme--foreground)",
              "text": "$t:draft",
              "value": "draft"
            },
            {
              "background": "var(--theme--warning-background)",
              "color": "var(--theme--warning)",
              "foreground": "var(--theme--warning)",
              "text": "$t:archived",
              "value": "archived"
            }
          ],
          "showAsDot": true
        },
        "field": "status",
        "group": null,
        "hidden": false,
        "interface": "select-dropdown",
        "note": null,
        "options": {
          "choices": [
            {
              "color": "var(--theme--primary)",
              "text": "$t:published",
              "value": "published"
            },
            {
              "color": "var(--theme--foreground)",
              "text": "$t:draft",
              "value": "draft"
            },
            {
              "color": "var(--theme--warning)",
              "text": "$t:archived",
              "value": "archived"
            }
          ]
        },
        "readonly": false,
        "required": false,
        "sort": 2,
        "special": null,
        "translations": null,
        "validation": null,
        "validation_message": null,
        "width": "full"
      },
      "schema": {
        "name": "status",
        "table": "accomplishments",
        "data_type": "character varying",
        "default_value": "draft",
        "max_length": 255,
        "numeric_precision": null,
        "numeric_scale": null,
        "is_nullable": false,
        "is_unique": false,
        "is_indexed": false,
        "is_primary_key": false,
        "is_generated": false,
        "generation_expression": null,
        "has_auto_increment": false,
        "foreign_key_table": null,
        "foreign_key_column": null
      }
    },
    {
      "field": "user_created",
      "type": "uuid",
      "meta": {
        "collection": "accomplishments",
        "conditions": null,
        "display": "user",
        "display_options": null,
        "field": "user_created",
        "group": null,
        "hidden": true,
        "interface": "select-dropdown-m2o",
        "note": null,
        "options": {
          "template": "{{avatar}} {{first_name}} {{last_name}}"
        },
        "readonly": true,
        "required": false,
        "sort": 4,
        "special": [
          "user-created"
        ],
        "translations": null,
        "validation": null,
        "validation_message": null,
        "width": "half"
      },
      "schema": {
        "name": "user_created",
        "table": "accomplishments",
        "data_type": "uuid",
        "default_value": null,
        "max_length": null,
        "numeric_precision": null,
        "numeric_scale": null,
        "is_nullable": true,
        "is_unique": false,
        "is_indexed": false,
        "is_primary_key": false,
        "is_generated": false,
        "generation_expression": null,
        "has_auto_increment": false,
        "foreign_key_table": "directus_users",
        "foreign_key_column": "id"
      }
    },
    {
      "field": "user_updated",
      "type": "uuid",
      "meta": {
        "collection": "accomplishments",
        "conditions": null,
        "display": "user",
        "display_options": null,
        "field": "user_updated",
        "group": null,
        "hidden": true,
        "interface": "select-dropdown-m2o",
        "note": null,
        "options": {
          "template": "{{avatar}} {{first_name}} {{last_name}}"
        },
        "readonly": true,
        "required": false,
        "sort": 6,
        "special": [
          "user-updated"
        ],
        "translations": null,
        "validation": null,
        "validation_message": null,
        "width": "half"
      },
      "schema": {
        "name": "user_updated",
        "table": "accomplishments",
        "data_type": "uuid",
        "default_value": null,
        "max_length": null,
        "numeric_precision": null,
        "numeric_scale": null,
        "is_nullable": true,
        "is_unique": false,
        "is_indexed": false,
        "is_primary_key": false,
        "is_generated": false,
        "generation_expression": null,
        "has_auto_increment": false,
        "foreign_key_table": "directus_users",
        "foreign_key_column": "id"
      }
    }
  ],
  "relations": [
    {
      "field": "user_created",
      "related_collection": "directus_users",
      "meta": {
        "junction_field": null,
        "many_collection": "accomplishments",
        "many_field": "user_created",
        "one_allowed_collections": null,
        "one_collection": "directus_users",
        "one_collection_field": null,
        "one_deselect_action": "nullify",
        "one_field": null,
        "sort_field": null
      },
      "schema": {
        "table": "accomplishments",
        "column": "user_created",
        "foreign_key_table": "directus_users",
        "foreign_key_column": "id",
        "constraint_name": "accomplishments_user_created_foreign",
        "on_update": "NO ACTION",
        "on_delete": "NO ACTION"
      }
    },
    {
      "field": "user_updated",
      "related_collection": "directus_users",
      "meta": {
        "junction_field": null,
        "many_collection": "accomplishments",
        "many_field": "user_updated",
        "one_allowed_collections": null,
        "one_collection": "directus_users",
        "one_collection_field": null,
        "one_deselect_action": "nullify",
        "one_field": null,
        "sort_field": null
      },
      "schema": {
        "table": "accomplishments",
        "column": "user_updated",
        "foreign_key_table": "directus_users",
        "foreign_key_column": "id",
        "constraint_name": "accomplishments_user_updated_foreign",
        "on_update": "NO ACTION",
        "on_delete": "NO ACTION"
      }
    },
    {
      "field": "position",
      "related_collection": "positions",
      "meta": {
        "junction_field": null,
        "many_collection": "accomplishments",
        "many_field": "position",
        "one_allowed_collections": null,
        "one_collection": "positions",
        "one_collection_field": null,
        "one_deselect_action": "nullify",
        "one_field": "accomplishments",
        "sort_field": null
      },
      "schema": {
        "table": "accomplishments",
        "column": "position",
        "foreign_key_table": "positions",
        "foreign_key_column": "id",
        "constraint_name": "accomplishments_position_foreign",
        "on_update": "NO ACTION",
        "on_delete": "SET NULL"
      }
    }
  ]
}