{
  "collection": "companies",
  "meta": {
    "accountability": "all",
    "archive_app_filter": true,
    "archive_field": "status",
    "archive_value": "archived",
    "collapse": "open",
    "collection": "companies",
    "color": null,
    "display_template": "{{name}}",
    "group": "identity",
    "hidden": false,
    "icon": null,
    "item_duplication_fields": null,
    "note": null,
    "preview_url": "{{name}}",
    "singleton": false,
    "sort": 2,
    "sort_field": "sort",
    "translations": null,
    "unarchive_value": "draft",
    "versioning": false
  },
  "schema": {
    "name": "companies"
  },
  "fields": [
    {
      "field": "date_created",
      "type": "timestamp",
      "meta": {
        "collection": "companies",
        "conditions": null,
        "display": "datetime",
        "display_options": {
          "relative": true
        },
        "field": "date_created",
        "group": null,
        "hidden": true,
        "interface": "datetime",
        "note": null,
        "options": null,
        "readonly": true,
        "required": false,
        "sort": 5,
        "special": [
          "date-created"
        ],
        "translations": null,
        "validation": null,
        "validation_message": null,
        "width": "half"
      },
      "schema": {
        "name": "date_created",
        "table": "companies",
        "data_type": "timestamp with time zone",
        "default_value": null,
        "max_length": null,
        "numeric_precision": null,
        "numeric_scale": null,
        "is_nullable": true,
        "is_unique": false,
        "is_indexed": false,
        "is_primary_key": false,
        "is_generated": false,
        "generation_expression": null,
        "has_auto_increment": false,
        "foreign_key_table": null,
        "foreign_key_column": null
      }
    },
    {
      "field": "date_updated",
      "type": "timestamp",
      "meta": {
        "collection": "companies",
        "conditions": null,
        "display": "datetime",
        "display_options": {
          "relative": true
        },
        "field": "date_updated",
        "group": null,
        "hidden": true,
        "interface": "datetime",
        "note": null,
        "options": null,
        "readonly": true,
        "required": false,
        "sort": 7,
        "special": [
          "date-updated"
        ],
        "translations": null,
        "validation": null,
        "validation_message": null,
        "width": "half"
      },
      "schema": {
        "name": "date_updated",
        "table": "companies",
        "data_type": "timestamp with time zone",
        "default_value": null,
        "max_length": null,
        "numeric_precision": null,
        "numeric_scale": null,
        "is_nullable": true,
        "is_unique": false,
        "is_indexed": false,
        "is_primary_key": false,
        "is_generated": false,
        "generation_expression": null,
        "has_auto_increment": false,
        "foreign_key_table": null,
        "foreign_key_column": null
      }
    },
    {
      "field": "description",
      "type": "text",
      "meta": {
        "collection": "companies",
        "conditions": null,
        "display": null,
        "display_options": null,
        "field": "description",
        "group": null,
        "hidden": false,
        "interface": "input-multiline",
        "note": null,
        "options": null,
        "readonly": false,
        "required": false,
        "sort": 13,
        "special": null,
        "translations": null,
        "validation": null,
        "validation_message": null,
        "width": "full"
      },
      "schema": {
        "name": "description",
        "table": "companies",
        "data_type": "text",
        "default_value": null,
        "max_length": null,
        "numeric_precision": null,
        "numeric_scale": null,
        "is_nullable": true,
        "is_unique": false,
        "is_indexed": false,
        "is_primary_key": false,
        "is_generated": false,
        "generation_expression": null,
        "has_auto_increment": false,
        "foreign_key_table": null,
        "foreign_key_column": null
      }
    },
    {
      "field": "id",
      "type": "integer",
      "meta": {
        "collection": "companies",
        "conditions": null,
        "display": null,
        "display_options": null,
        "field": "id",
        "group": null,
        "hidden": true,
        "interface": "input",
        "note": null,
        "options": null,
        "readonly": true,
        "required": false,
        "sort": 1,
        "special": null,
        "translations": null,
        "validation": null,
        "validation_message": null,
        "width": "full"
      },
      "schema": {
        "name": "id",
        "table": "companies",
        "data_type": "integer",
        "default_value": null,
        "max_length": null,
        "numeric_precision": 32,
        "numeric_scale": 0,
        "is_nullable": false,
        "is_unique": true,
        "is_indexed": false,
        "is_primary_key": true,
        "is_generated": false,
        "generation_expression": null,
        "has_auto_increment": true,
        "foreign_key_table": null,
        "foreign_key_column": null
      }
    },
    {
      "field": "industry",
      "type": "string",
      "meta": {
        "collection": "companies",
        "conditions": null,
        "display": null,
        "display_options": null,
        "field": "industry",
        "group": null,
        "hidden": false,
        "interface": "input",
        "note": null,
        "options": null,
        "readonly": false,
        "required": false,
        "sort": 9,
        "special": null,
        "translations": null,
        "validation": null,
        "validation_message": null,
        "width": "half"
      },
      "schema": {
        "name": "industry",
        "table": "companies",
        "data_type": "character varying",
        "default_value": null,
        "max_length": 255,
        "numeric_precision": null,
        "numeric_scale": null,
        "is_nullable": true,
        "is_unique": false,
        "is_indexed": false,
        "is_primary_key": false,
        "is_generated": false,
        "generation_expression": null,
        "has_auto_increment": false,
        "foreign_key_table": null,
        "foreign_key_column": null
      }
    },
    {
      "field": "location",
      "type": "string",
      "meta": {
        "collection": "companies",
        "conditions": null,
        "display": null,
        "display_options": null,
        "field": "location",
        "group": null,
        "hidden": false,
        "interface": "input",
        "note": null,
        "options": null,
        "readonly": false,
        "required": false,
        "sort": 11,
        "special": null,
        "translations": null,
        "validation": null,
        "validation_message": null,
        "width": "half"
      },
      "schema": {
        "name": "location",
        "table": "companies",
        "data_type": "character varying",
        "default_value": null,
        "max_length": 255,
        "numeric_precision": null,
        "numeric_scale": null,
        "is_nullable": true,
        "is_unique": false,
        "is_indexed": false,
        "is_primary_key": false,
        "is_generated": false,
        "generation_expression": null,
        "has_auto_increment": false,
        "foreign_key_table": null,
        "foreign_key_column": null
      }
    },
    {
      "field": "logo",
      "type": "uuid",
      "meta": {
        "collection": "companies",
        "conditions": null,
        "display": null,
        "display_options": null,
        "field": "logo",
        "group": null,
        "hidden": false,
        "interface": "file-image",
        "note": null,
        "options": null,
        "readonly": false,
        "required": false,
        "sort": 17,
        "special": [
          "file"
        ],
        "translations": null,
        "validation": null,
        "validation_message": null,
        "width": "full"
      },
      "schema": {
        "name": "logo",
        "table": "companies",
        "data_type": "uuid",
        "default_value": null,
        "max_length": null,
        "numeric_precision": null,
        "numeric_scale": null,
        "is_nullable": true,
        "is_unique": false,
        "is_indexed": false,
        "is_primary_key": false,
        "is_generated": false,
        "generation_expression": null,
        "has_auto_increment": false,
        "foreign_key_table": "directus_files",
        "foreign_key_column": "id"
      }
    },
    {
      "field": "name",
      "type": "string",
      "meta": {
        "collection": "companies",
        "conditions": null,
        "display": null,
        "display_options": null,
        "field": "name",
        "group": null,
        "hidden": false,
        "interface": "input",
        "note": null,
        "options": null,
        "readonly": false,
        "required": true,
        "sort": 8,
        "special": null,
        "translations": [
          {
            "language": "en-US",
            "translation": "Company"
          }
        ],
        "validation": null,
        "validation_message": null,
        "width": "half"
      },
      "schema": {
        "name": "name",
        "table": "companies",
        "data_type": "character varying",
        "default_value": null,
        "max_length": 255,
        "numeric_precision": null,
        "numeric_scale": null,
        "is_nullable": false,
        "is_unique": false,
        "is_indexed": false,
        "is_primary_key": false,
        "is_generated": false,
        "generation_expression": null,
        "has_auto_increment": false,
        "foreign_key_table": null,
        "foreign_key_column": null
      }
    },
    {
      "field": "positions",
      "type": "alias",
      "meta": {
        "collection": "companies",
        "conditions": null,
        "display": null,
        "display_options": null,
        "field": "positions",
        "group": null,
        "hidden": false,
        "interface": "list-o2m",
        "note": null,
        "options": null,
        "readonly": false,
        "required": false,
        "sort": 15,
        "special": [
          "o2m"
        ],
        "translations": null,
        "validation": null,
        "validation_message": null,
        "width": "full"
      }
    },
    {
      "field": "projects",
      "type": "alias",
      "meta": {
        "collection": "companies",
        "conditions": null,
        "display": null,
        "display_options": null,
        "field": "projects",
        "group": null,
        "hidden": false,
        "interface": "list-m2m",
        "note": null,
        "options": null,
        "readonly": false,
        "required": false,
        "sort": 16,
        "special": [
          "m2m"
        ],
        "translations": null,
        "validation": null,
        "validation_message": null,
        "width": "full"
      }
    },
    {
      "field": "size",
      "type": "string",
      "meta": {
        "collection": "companies",
        "conditions": null,
        "display": null,
        "display_options": null,
        "field": "size",
        "group": null,
        "hidden": false,
        "interface": "select-dropdown",
        "note": null,
        "options": {
          "choices": [
            {
              "text": "Startup (1-50)",
              "value": "startup"
            },
            {
              "text": "Small (51-200)",
              "value": "small"
            },
            {
              "text": "Mid-size (201-1000)",
              "value": "midsize"
            },
            {
              "text": "Large (1001-5000)",
              "value": "large"
            },
            {
              "text": "Enterprise (5000+)",
              "value": "enterprise"
            }
          ]
        },
        "readonly": false,
        "required": false,
        "sort": 10,
        "special": null,
        "translations": null,
        "validation": null,
        "validation_message": null,
        "width": "half"
      },
      "schema": {
        "name": "size",
        "table": "companies",
        "data_type": "character varying",
        "default_value": null,
        "max_length": 255,
        "numeric_precision": null,
        "numeric_scale": null,
        "is_nullable": true,
        "is_unique": false,
        "is_indexed": false,
        "is_primary_key": false,
        "is_generated": false,
        "generation_expression": null,
        "has_auto_increment": false,
        "foreign_key_table": null,
        "foreign_key_column": null
      }
    },
    {
      "field": "sort",
      "type": "integer",
      "meta": {
        "collection": "companies",
        "conditions": null,
        "display": null,
        "display_options": null,
        "field": "sort",
        "group": null,
        "hidden": true,
        "interface": "input",
        "note": null,
        "options": null,
        "readonly": false,
        "required": false,
        "sort": 3,
        "special": null,
        "translations": null,
        "validation": null,
        "validation_message": null,
        "width": "full"
      },
      "schema": {
        "name": "sort",
        "table": "companies",
        "data_type": "integer",
        "default_value": null,
        "max_length": null,
        "numeric_precision": 32,
        "numeric_scale": 0,
        "is_nullable": true,
        "is_unique": false,
        "is_indexed": false,
        "is_primary_key": false,
        "is_generated": false,
        "generation_expression": null,
        "has_auto_increment": false,
        "foreign_key_table": null,
        "foreign_key_column": null
      }
    },
    {
      "field": "status",
      "type": "string",
      "meta": {
        "collection": "companies",
        "conditions": null,
        "display": "labels",
        "display_options": {
          "choices": [
            {
              "background": "var(--theme--primary-background)",
              "color": "var(--theme--primary)",
              "foreground": "var(--theme--primary)",
              "text": "$t:published",
              "value": "published"
            },
            {
              "background": "var(--theme--background-normal)",
              "color": "var(--theme--foreground)",
              "foreground": "var(--theme--foreground)",
              "text": "$t:draft",
              "value": "draft"
            },
            {
              "background": "var(--theme--warning-background)",
              "color": "var(--theme--warning)",
              "foreground": "var(--theme--warning)",
              "text": "$t:archived",
              "value": "archived"
            }
          ],
          "showAsDot": true
        },
        "field": "status",
        "group": null,
        "hidden": false,
        "interface": "select-dropdown",
        "note": null,
        "options": {
          "choices": [
            {
              "color": "var(--theme--primary)",
              "text": "$t:published",
              "value": "published"
            },
            {
              "color": "var(--theme--foreground)",
              "text": "$t:draft",
              "value": "draft"
            },
            {
              "color": "var(--theme--warning)",
              "text": "$t:archived",
              "value": "archived"
            }
          ]
        },
        "readonly": false,
        "required": false,
        "sort": 2,
        "special": null,
        "translations": null,
        "validation": null,
        "validation_message": null,
        "width": "full"
      },
      "schema": {
        "name": "status",
        "table": "companies",
        "data_type": "character varying",
        "default_value": "draft",
        "max_length": 255,
        "numeric_precision": null,
        "numeric_scale": null,
        "is_nullable": false,
        "is_unique": false,
        "is_indexed": false,
        "is_primary_key": false,
        "is_generated": false,
        "generation_expression": null,
        "has_auto_increment": false,
        "foreign_key_table": null,
        "foreign_key_column": null
      }
    },
    {
      "field": "user_created",
      "type": "uuid",
      "meta": {
        "collection": "companies",
        "conditions": null,
        "display": "user",
        "display_options": null,
        "field": "user_created",
        "group": null,
        "hidden": true,
        "interface": "select-dropdown-m2o",
        "note": null,
        "options": {
          "template": "{{avatar}} {{first_name}} {{last_name}}"
        },
        "readonly": true,
        "required": false,
        "sort": 4,
        "special": [
          "user-created"
        ],
        "translations": null,
        "validation": null,
        "validation_message": null,
        "width": "half"
      },
      "schema": {
        "name": "user_created",
        "table": "companies",
        "data_type": "uuid",
        "default_value": null,
        "max_length": null,
        "numeric_precision": null,
        "numeric_scale": null,
        "is_nullable": true,
        "is_unique": false,
        "is_indexed": false,
        "is_primary_key": false,
        "is_generated": false,
        "generation_expression": null,
        "has_auto_increment": false,
        "foreign_key_table": "directus_users",
        "foreign_key_column": "id"
      }
    },
    {
      "field": "user_updated",
      "type": "uuid",
      "meta": {
        "collection": "companies",
        "conditions": null,
        "display": "user",
        "display_options": null,
        "field": "user_updated",
        "group": null,
        "hidden": true,
        "interface": "select-dropdown-m2o",
        "note": null,
        "options": {
          "template": "{{avatar}} {{first_name}} {{last_name}}"
        },
        "readonly": true,
        "required": false,
        "sort": 6,
        "special": [
          "user-updated"
        ],
        "translations": null,
        "validation": null,
        "validation_message": null,
        "width": "half"
      },
      "schema": {
        "name": "user_updated",
        "table": "companies",
        "data_type": "uuid",
        "default_value": null,
        "max_length": null,
        "numeric_precision": null,
        "numeric_scale": null,
        "is_nullable": true,
        "is_unique": false,
        "is_indexed": false,
        "is_primary_key": false,
        "is_generated": false,
        "generation_expression": null,
        "has_auto_increment": false,
        "foreign_key_table": "directus_users",
        "foreign_key_column": "id"
      }
    },
    {
      "field": "website",
      "type": "string",
      "meta": {
        "collection": "companies",
        "conditions": null,
        "display": null,
        "display_options": null,
        "field": "website",
        "group": null,
        "hidden": false,
        "interface": "input",
        "note": null,
        "options": {
          "type": "url"
        },
        "readonly": false,
        "required": false,
        "sort": 12,
        "special": null,
        "translations": null,
        "validation": null,
        "validation_message": null,
        "width": "half"
      },
      "schema": {
        "name": "website",
        "table": "companies",
        "data_type": "character varying",
        "default_value": null,
        "max_length": 255,
        "numeric_precision": null,
        "numeric_scale": null,
        "is_nullable": true,
        "is_unique": false,
        "is_indexed": false,
        "is_primary_key": false,
        "is_generated": false,
        "generation_expression": null,
        "has_auto_increment": false,
        "foreign_key_table": null,
        "foreign_key_column": null
      }
    }
  ],
  "relations": [
    {
      "field": "logo",
      "related_collection": "directus_files",
      "meta": {
        "junction_field": null,
        "many_collection": "companies",
        "many_field": "logo",
        "one_allowed_collections": null,
        "one_collection": "directus_files",
        "one_collection_field": null,
        "one_deselect_action": "nullify",
        "one_field": null,
        "sort_field": null
      },
      "schema": {
        "table": "companies",
        "column": "logo",
        "foreign_key_table": "directus_files",
        "foreign_key_column": "id",
        "constraint_name": "companies_logo_foreign",
        "on_update": "NO ACTION",
        "on_delete": "SET NULL"
      }
    },
    {
      "field": "user_created",
      "related_collection": "directus_users",
      "meta": {
        "junction_field": null,
        "many_collection": "companies",
        "many_field": "user_created",
        "one_allowed_collections": null,
        "one_collection": "directus_users",
        "one_collection_field": null,
        "one_deselect_action": "nullify",
        "one_field": null,
        "sort_field": null
      },
      "schema": {
        "table": "companies",
        "column": "user_created",
        "foreign_key_table": "directus_users",
        "foreign_key_column": "id",
        "constraint_name": "companies_user_created_foreign",
        "on_update": "NO ACTION",
        "on_delete": "NO ACTION"
      }
    },
    {
      "field": "user_updated",
      "related_collection": "directus_users",
      "meta": {
        "junction_field": null,
        "many_collection": "companies",
        "many_field": "user_updated",
        "one_allowed_collections": null,
        "one_collection": "directus_users",
        "one_collection_field": null,
        "one_deselect_action": "nullify",
        "one_field": null,
        "sort_field": null
      },
      "schema": {
        "table": "companies",
        "column": "user_updated",
        "foreign_key_table": "directus_users",
        "foreign_key_column": "id",
        "constraint_name": "companies_user_updated_foreign",
        "on_update": "NO ACTION",
        "on_delete": "NO ACTION"
      }
    }
  ]
}