{
  "collection": "education_related_items",
  "meta": {
    "accountability": "all",
    "archive_app_filter": true,
    "archive_field": null,
    "archive_value": null,
    "collapse": "open",
    "collection": "education_related_items",
    "color": null,
    "display_template": null,
    "group": null,
    "hidden": true,
    "icon": "import_export",
    "item_duplication_fields": null,
    "note": null,
    "preview_url": null,
    "singleton": false,
    "sort": null,
    "sort_field": null,
    "translations": null,
    "unarchive_value": null,
    "versioning": false
  },
  "schema": {
    "name": "education_related_items"
  },
  "fields": [
    {
      "field": "collection",
      "type": "string",
      "meta": {
        "collection": "education_related_items",
        "conditions": null,
        "display": null,
        "display_options": null,
        "field": "collection",
        "group": null,
        "hidden": true,
        "interface": null,
        "note": null,
        "options": null,
        "readonly": false,
        "required": false,
        "sort": 5,
        "special": null,
        "translations": null,
        "validation": null,
        "validation_message": null,
        "width": "full"
      },
      "schema": {
        "name": "collection",
        "table": "education_related_items",
        "data_type": "character varying",
        "default_value": null,
        "max_length": 255,
        "numeric_precision": null,
        "numeric_scale": null,
        "is_nullable": true,
        "is_unique": false,
        "is_indexed": false,
        "is_primary_key": false,
        "is_generated": false,
        "generation_expression": null,
        "has_auto_increment": false,
        "foreign_key_table": null,
        "foreign_key_column": null
      }
    },
    {
      "field": "education_id",
      "type": "integer",
      "meta": {
        "collection": "education_related_items",
        "conditions": null,
        "display": null,
        "display_options": null,
        "field": "education_id",
        "group": null,
        "hidden": true,
        "interface": null,
        "note": null,
        "options": null,
        "readonly": false,
        "required": false,
        "sort": 2,
        "special": null,
        "translations": null,
        "validation": null,
        "validation_message": null,
        "width": "full"
      },
      "schema": {
        "name": "education_id",
        "table": "education_related_items",
        "data_type": "integer",
        "default_value": null,
        "max_length": null,
        "numeric_precision": 32,
        "numeric_scale": 0,
        "is_nullable": true,
        "is_unique": false,
        "is_indexed": false,
        "is_primary_key": false,
        "is_generated": false,
        "generation_expression": null,
        "has_auto_increment": false,
        "foreign_key_table": "education",
        "foreign_key_column": "id"
      }
    },
    {
      "field": "id",
      "type": "integer",
      "meta": {
        "collection": "education_related_items",
        "conditions": null,
        "display": null,
        "display_options": null,
        "field": "id",
        "group": null,
        "hidden": true,
        "interface": null,
        "note": null,
        "options": null,
        "readonly": false,
        "required": false,
        "sort": 1,
        "special": null,
        "translations": null,
        "validation": null,
        "validation_message": null,
        "width": "full"
      },
      "schema": {
        "name": "id",
        "table": "education_related_items",
        "data_type": "integer",
        "default_value": null,
        "max_length": null,
        "numeric_precision": 32,
        "numeric_scale": 0,
        "is_nullable": false,
        "is_unique": true,
        "is_indexed": false,
        "is_primary_key": true,
        "is_generated": false,
        "generation_expression": null,
        "has_auto_increment": true,
        "foreign_key_table": null,
        "foreign_key_column": null
      }
    },
    {
      "field": "item",
      "type": "string",
      "meta": {
        "collection": "education_related_items",
        "conditions": null,
        "display": null,
        "display_options": null,
        "field": "item",
        "group": null,
        "hidden": true,
        "interface": null,
        "note": null,
        "options": null,
        "readonly": false,
        "required": false,
        "sort": 3,
        "special": null,
        "translations": null,
        "validation": null,
        "validation_message": null,
        "width": "full"
      },
      "schema": {
        "name": "item",
        "table": "education_related_items",
        "data_type": "character varying",
        "default_value": null,
        "max_length": 255,
        "numeric_precision": null,
        "numeric_scale": null,
        "is_nullable": true,
        "is_unique": false,
        "is_indexed": false,
        "is_primary_key": false,
        "is_generated": false,
        "generation_expression": null,
        "has_auto_increment": false,
        "foreign_key_table": null,
        "foreign_key_column": null
      }
    },
    {
      "field": "sort",
      "type": "integer",
      "meta": {
        "collection": "education_related_items",
        "conditions": null,
        "display": null,
        "display_options": null,
        "field": "sort",
        "group": null,
        "hidden": true,
        "interface": null,
        "note": null,
        "options": null,
        "readonly": false,
        "required": false,
        "sort": 4,
        "special": null,
        "translations": null,
        "validation": null,
        "validation_message": null,
        "width": "full"
      },
      "schema": {
        "name": "sort",
        "table": "education_related_items",
        "data_type": "integer",
        "default_value": null,
        "max_length": null,
        "numeric_precision": 32,
        "numeric_scale": 0,
        "is_nullable": true,
        "is_unique": false,
        "is_indexed": false,
        "is_primary_key": false,
        "is_generated": false,
        "generation_expression": null,
        "has_auto_increment": false,
        "foreign_key_table": null,
        "foreign_key_column": null
      }
    }
  ],
  "relations": [
    {
      "field": "education_id",
      "related_collection": "education",
      "meta": {
        "junction_field": "item",
        "many_collection": "education_related_items",
        "many_field": "education_id",
        "one_allowed_collections": null,
        "one_collection": "education",
        "one_collection_field": null,
        "one_deselect_action": "nullify",
        "one_field": "related_items",
        "sort_field": "sort"
      },
      "schema": {
        "table": "education_related_items",
        "column": "education_id",
        "foreign_key_table": "education",
        "foreign_key_column": "id",
        "constraint_name": "education_related_items_education_id_foreign",
        "on_update": "NO ACTION",
        "on_delete": "SET NULL"
      }
    },
    {
      "field": "item",
      "related_collection": null,
      "meta": {
        "junction_field": "education_id",
        "many_collection": "education_related_items",
        "many_field": "item",
        "one_allowed_collections": [
          "projects",
          "accomplishments",
          "skills",
          "technologies"
        ],
        "one_collection": null,
        "one_collection_field": "collection",
        "one_deselect_action": "nullify",
        "one_field": null,
        "sort_field": null
      }
    }
  ]
}