{
  "collection": "job_applications",
  "meta": {
    "accountability": "all",
    "archive_app_filter": true,
    "archive_field": "status",
    "archive_value": "archived",
    "collapse": "open",
    "collection": "job_applications",
    "color": null,
    "display_template": null,
    "group": null,
    "hidden": false,
    "icon": null,
    "item_duplication_fields": null,
    "note": null,
    "preview_url": null,
    "singleton": false,
    "sort": 2,
    "sort_field": "sort",
    "translations": null,
    "unarchive_value": "draft",
    "versioning": false
  },
  "schema": {
    "name": "job_applications"
  },
  "fields": [
    {
      "field": "application_date",
      "type": "date",
      "meta": {
        "collection": "job_applications",
        "conditions": null,
        "display": null,
        "display_options": null,
        "field": "application_date",
        "group": null,
        "hidden": false,
        "interface": "datetime",
        "note": null,
        "options": {
          "includeSeconds": false
        },
        "readonly": false,
        "required": false,
        "sort": 11,
        "special": null,
        "translations": null,
        "validation": null,
        "validation_message": null,
        "width": "half"
      },
      "schema": {
        "name": "application_date",
        "table": "job_applications",
        "data_type": "date",
        "default_value": null,
        "max_length": null,
        "numeric_precision": null,
        "numeric_scale": null,
        "is_nullable": true,
        "is_unique": false,
        "is_indexed": false,
        "is_primary_key": false,
        "is_generated": false,
        "generation_expression": null,
        "has_auto_increment": false,
        "foreign_key_table": null,
        "foreign_key_column": null
      }
    },
    {
      "field": "application_status",
      "type": "string",
      "meta": {
        "collection": "job_applications",
        "conditions": null,
        "display": null,
        "display_options": null,
        "field": "application_status",
        "group": null,
        "hidden": false,
        "interface": "select-dropdown",
        "note": null,
        "options": {
          "choices": [
            {
              "text": "Applied",
              "value": "applied"
            },
            {
              "text": "Under Review",
              "value": "under_review"
            },
            {
              "text": "Phone Screen",
              "value": "phone_screen"
            },
            {
              "text": "Interview Scheduled",
              "value": "interview_scheduled"
            },
            {
              "text": "Technical Interview",
              "value": "technical_interview"
            },
            {
              "text": "Final Interview",
              "value": "final_interview"
            },
            {
              "text": "Offer",
              "value": "offer"
            },
            {
              "text": "Rejected",
              "value": "rejected"
            },
            {
              "text": "Withdrawn",
              "value": "withdrawn"
            }
          ]
        },
        "readonly": false,
        "required": false,
        "sort": 12,
        "special": null,
        "translations": null,
        "validation": null,
        "validation_message": null,
        "width": "half"
      },
      "schema": {
        "name": "application_status",
        "table": "job_applications",
        "data_type": "character varying",
        "default_value": "applied",
        "max_length": 255,
        "numeric_precision": null,
        "numeric_scale": null,
        "is_nullable": true,
        "is_unique": false,
        "is_indexed": false,
        "is_primary_key": false,
        "is_generated": false,
        "generation_expression": null,
        "has_auto_increment": false,
        "foreign_key_table": null,
        "foreign_key_column": null
      }
    },
    {
      "field": "company_name",
      "type": "string",
      "meta": {
        "collection": "job_applications",
        "conditions": null,
        "display": null,
        "display_options": null,
        "field": "company_name",
        "group": null,
        "hidden": false,
        "interface": "input",
        "note": null,
        "options": null,
        "readonly": false,
        "required": true,
        "sort": 8,
        "special": null,
        "translations": null,
        "validation": null,
        "validation_message": null,
        "width": "half"
      },
      "schema": {
        "name": "company_name",
        "table": "job_applications",
        "data_type": "character varying",
        "default_value": null,
        "max_length": 255,
        "numeric_precision": null,
        "numeric_scale": null,
        "is_nullable": false,
        "is_unique": false,
        "is_indexed": false,
        "is_primary_key": false,
        "is_generated": false,
        "generation_expression": null,
        "has_auto_increment": false,
        "foreign_key_table": null,
        "foreign_key_column": null
      }
    },
    {
      "field": "cover_letter_used_",
      "type": "integer",
      "meta": {
        "collection": "job_applications",
        "conditions": null,
        "display": null,
        "display_options": null,
        "field": "cover_letter_used_",
        "group": null,
        "hidden": false,
        "interface": "select-dropdown-m2o",
        "note": null,
        "options": {
          "enableLink": true
        },
        "readonly": false,
        "required": false,
        "sort": 14,
        "special": [
          "m2o"
        ],
        "translations": null,
        "validation": null,
        "validation_message": null,
        "width": "full"
      },
      "schema": {
        "name": "cover_letter_used_",
        "table": "job_applications",
        "data_type": "integer",
        "default_value": null,
        "max_length": null,
        "numeric_precision": 32,
        "numeric_scale": 0,
        "is_nullable": true,
        "is_unique": false,
        "is_indexed": false,
        "is_primary_key": false,
        "is_generated": false,
        "generation_expression": null,
        "has_auto_increment": false,
        "foreign_key_table": "cover_letters",
        "foreign_key_column": "id"
      }
    },
    {
      "field": "date_created",
      "type": "timestamp",
      "meta": {
        "collection": "job_applications",
        "conditions": null,
        "display": "datetime",
        "display_options": {
          "relative": true
        },
        "field": "date_created",
        "group": null,
        "hidden": true,
        "interface": "datetime",
        "note": null,
        "options": null,
        "readonly": true,
        "required": false,
        "sort": 5,
        "special": [
          "date-created"
        ],
        "translations": null,
        "validation": null,
        "validation_message": null,
        "width": "half"
      },
      "schema": {
        "name": "date_created",
        "table": "job_applications",
        "data_type": "timestamp with time zone",
        "default_value": null,
        "max_length": null,
        "numeric_precision": null,
        "numeric_scale": null,
        "is_nullable": true,
        "is_unique": false,
        "is_indexed": false,
        "is_primary_key": false,
        "is_generated": false,
        "generation_expression": null,
        "has_auto_increment": false,
        "foreign_key_table": null,
        "foreign_key_column": null
      }
    },
    {
      "field": "date_updated",
      "type": "timestamp",
      "meta": {
        "collection": "job_applications",
        "conditions": null,
        "display": "datetime",
        "display_options": {
          "relative": true
        },
        "field": "date_updated",
        "group": null,
        "hidden": true,
        "interface": "datetime",
        "note": null,
        "options": null,
        "readonly": true,
        "required": false,
        "sort": 7,
        "special": [
          "date-updated"
        ],
        "translations": null,
        "validation": null,
        "validation_message": null,
        "width": "half"
      },
      "schema": {
        "name": "date_updated",
        "table": "job_applications",
        "data_type": "timestamp with time zone",
        "default_value": null,
        "max_length": null,
        "numeric_precision": null,
        "numeric_scale": null,
        "is_nullable": true,
        "is_unique": false,
        "is_indexed": false,
        "is_primary_key": false,
        "is_generated": false,
        "generation_expression": null,
        "has_auto_increment": false,
        "foreign_key_table": null,
        "foreign_key_column": null
      }
    },
    {
      "field": "id",
      "type": "integer",
      "meta": {
        "collection": "job_applications",
        "conditions": null,
        "display": null,
        "display_options": null,
        "field": "id",
        "group": null,
        "hidden": true,
        "interface": "input",
        "note": null,
        "options": null,
        "readonly": true,
        "required": false,
        "sort": 1,
        "special": null,
        "translations": null,
        "validation": null,
        "validation_message": null,
        "width": "full"
      },
      "schema": {
        "name": "id",
        "table": "job_applications",
        "data_type": "integer",
        "default_value": null,
        "max_length": null,
        "numeric_precision": 32,
        "numeric_scale": 0,
        "is_nullable": false,
        "is_unique": true,
        "is_indexed": false,
        "is_primary_key": true,
        "is_generated": false,
        "generation_expression": null,
        "has_auto_increment": true,
        "foreign_key_table": null,
        "foreign_key_column": null
      }
    },
    {
      "field": "job_description",
      "type": "text",
      "meta": {
        "collection": "job_applications",
        "conditions": null,
        "display": null,
        "display_options": null,
        "field": "job_description",
        "group": null,
        "hidden": false,
        "interface": "input-rich-text-html",
        "note": null,
        "options": null,
        "readonly": false,
        "required": false,
        "sort": 10,
        "special": null,
        "translations": null,
        "validation": null,
        "validation_message": null,
        "width": "full"
      },
      "schema": {
        "name": "job_description",
        "table": "job_applications",
        "data_type": "text",
        "default_value": null,
        "max_length": null,
        "numeric_precision": null,
        "numeric_scale": null,
        "is_nullable": true,
        "is_unique": false,
        "is_indexed": false,
        "is_primary_key": false,
        "is_generated": false,
        "generation_expression": null,
        "has_auto_increment": false,
        "foreign_key_table": null,
        "foreign_key_column": null
      }
    },
    {
      "field": "position_title",
      "type": "string",
      "meta": {
        "collection": "job_applications",
        "conditions": null,
        "display": null,
        "display_options": null,
        "field": "position_title",
        "group": null,
        "hidden": false,
        "interface": "input",
        "note": null,
        "options": null,
        "readonly": false,
        "required": true,
        "sort": 9,
        "special": null,
        "translations": null,
        "validation": null,
        "validation_message": null,
        "width": "half"
      },
      "schema": {
        "name": "position_title",
        "table": "job_applications",
        "data_type": "character varying",
        "default_value": null,
        "max_length": 255,
        "numeric_precision": null,
        "numeric_scale": null,
        "is_nullable": false,
        "is_unique": false,
        "is_indexed": false,
        "is_primary_key": false,
        "is_generated": false,
        "generation_expression": null,
        "has_auto_increment": false,
        "foreign_key_table": null,
        "foreign_key_column": null
      }
    },
    {
      "field": "resume_used",
      "type": "integer",
      "meta": {
        "collection": "job_applications",
        "conditions": null,
        "display": null,
        "display_options": null,
        "field": "resume_used",
        "group": null,
        "hidden": false,
        "interface": "select-dropdown-m2o",
        "note": null,
        "options": null,
        "readonly": false,
        "required": false,
        "sort": 13,
        "special": [
          "m2o"
        ],
        "translations": null,
        "validation": null,
        "validation_message": null,
        "width": "full"
      },
      "schema": {
        "name": "resume_used",
        "table": "job_applications",
        "data_type": "integer",
        "default_value": null,
        "max_length": null,
        "numeric_precision": 32,
        "numeric_scale": 0,
        "is_nullable": true,
        "is_unique": false,
        "is_indexed": false,
        "is_primary_key": false,
        "is_generated": false,
        "generation_expression": null,
        "has_auto_increment": false,
        "foreign_key_table": "resumes",
        "foreign_key_column": "id"
      }
    },
    {
      "field": "sort",
      "type": "integer",
      "meta": {
        "collection": "job_applications",
        "conditions": null,
        "display": null,
        "display_options": null,
        "field": "sort",
        "group": null,
        "hidden": true,
        "interface": "input",
        "note": null,
        "options": null,
        "readonly": false,
        "required": false,
        "sort": 3,
        "special": null,
        "translations": null,
        "validation": null,
        "validation_message": null,
        "width": "full"
      },
      "schema": {
        "name": "sort",
        "table": "job_applications",
        "data_type": "integer",
        "default_value": null,
        "max_length": null,
        "numeric_precision": 32,
        "numeric_scale": 0,
        "is_nullable": true,
        "is_unique": false,
        "is_indexed": false,
        "is_primary_key": false,
        "is_generated": false,
        "generation_expression": null,
        "has_auto_increment": false,
        "foreign_key_table": null,
        "foreign_key_column": null
      }
    },
    {
      "field": "status",
      "type": "string",
      "meta": {
        "collection": "job_applications",
        "conditions": null,
        "display": "labels",
        "display_options": {
          "choices": [
            {
              "background": "var(--theme--primary-background)",
              "color": "var(--theme--primary)",
              "foreground": "var(--theme--primary)",
              "text": "$t:published",
              "value": "published"
            },
            {
              "background": "var(--theme--background-normal)",
              "color": "var(--theme--foreground)",
              "foreground": "var(--theme--foreground)",
              "text": "$t:draft",
              "value": "draft"
            },
            {
              "background": "var(--theme--warning-background)",
              "color": "var(--theme--warning)",
              "foreground": "var(--theme--warning)",
              "text": "$t:archived",
              "value": "archived"
            }
          ],
          "showAsDot": true
        },
        "field": "status",
        "group": null,
        "hidden": false,
        "interface": "select-dropdown",
        "note": null,
        "options": {
          "choices": [
            {
              "color": "var(--theme--primary)",
              "text": "$t:published",
              "value": "published"
            },
            {
              "color": "var(--theme--foreground)",
              "text": "$t:draft",
              "value": "draft"
            },
            {
              "color": "var(--theme--warning)",
              "text": "$t:archived",
              "value": "archived"
            }
          ]
        },
        "readonly": false,
        "required": false,
        "sort": 2,
        "special": null,
        "translations": null,
        "validation": null,
        "validation_message": null,
        "width": "full"
      },
      "schema": {
        "name": "status",
        "table": "job_applications",
        "data_type": "character varying",
        "default_value": "draft",
        "max_length": 255,
        "numeric_precision": null,
        "numeric_scale": null,
        "is_nullable": false,
        "is_unique": false,
        "is_indexed": false,
        "is_primary_key": false,
        "is_generated": false,
        "generation_expression": null,
        "has_auto_increment": false,
        "foreign_key_table": null,
        "foreign_key_column": null
      }
    },
    {
      "field": "user_created",
      "type": "uuid",
      "meta": {
        "collection": "job_applications",
        "conditions": null,
        "display": "user",
        "display_options": null,
        "field": "user_created",
        "group": null,
        "hidden": true,
        "interface": "select-dropdown-m2o",
        "note": null,
        "options": {
          "template": "{{avatar}} {{first_name}} {{last_name}}"
        },
        "readonly": true,
        "required": false,
        "sort": 4,
        "special": [
          "user-created"
        ],
        "translations": null,
        "validation": null,
        "validation_message": null,
        "width": "half"
      },
      "schema": {
        "name": "user_created",
        "table": "job_applications",
        "data_type": "uuid",
        "default_value": null,
        "max_length": null,
        "numeric_precision": null,
        "numeric_scale": null,
        "is_nullable": true,
        "is_unique": false,
        "is_indexed": false,
        "is_primary_key": false,
        "is_generated": false,
        "generation_expression": null,
        "has_auto_increment": false,
        "foreign_key_table": "directus_users",
        "foreign_key_column": "id"
      }
    },
    {
      "field": "user_updated",
      "type": "uuid",
      "meta": {
        "collection": "job_applications",
        "conditions": null,
        "display": "user",
        "display_options": null,
        "field": "user_updated",
        "group": null,
        "hidden": true,
        "interface": "select-dropdown-m2o",
        "note": null,
        "options": {
          "template": "{{avatar}} {{first_name}} {{last_name}}"
        },
        "readonly": true,
        "required": false,
        "sort": 6,
        "special": [
          "user-updated"
        ],
        "translations": null,
        "validation": null,
        "validation_message": null,
        "width": "half"
      },
      "schema": {
        "name": "user_updated",
        "table": "job_applications",
        "data_type": "uuid",
        "default_value": null,
        "max_length": null,
        "numeric_precision": null,
        "numeric_scale": null,
        "is_nullable": true,
        "is_unique": false,
        "is_indexed": false,
        "is_primary_key": false,
        "is_generated": false,
        "generation_expression": null,
        "has_auto_increment": false,
        "foreign_key_table": "directus_users",
        "foreign_key_column": "id"
      }
    }
  ],
  "relations": [
    {
      "field": "cover_letter_used_",
      "related_collection": "cover_letters",
      "meta": {
        "junction_field": null,
        "many_collection": "job_applications",
        "many_field": "cover_letter_used_",
        "one_allowed_collections": null,
        "one_collection": "cover_letters",
        "one_collection_field": null,
        "one_deselect_action": "nullify",
        "one_field": "job_applications",
        "sort_field": null
      },
      "schema": {
        "table": "job_applications",
        "column": "cover_letter_used_",
        "foreign_key_table": "cover_letters",
        "foreign_key_column": "id",
        "constraint_name": "job_applications_cover_letter_used__foreign",
        "on_update": "NO ACTION",
        "on_delete": "SET NULL"
      }
    },
    {
      "field": "user_created",
      "related_collection": "directus_users",
      "meta": {
        "junction_field": null,
        "many_collection": "job_applications",
        "many_field": "user_created",
        "one_allowed_collections": null,
        "one_collection": "directus_users",
        "one_collection_field": null,
        "one_deselect_action": "nullify",
        "one_field": null,
        "sort_field": null
      },
      "schema": {
        "table": "job_applications",
        "column": "user_created",
        "foreign_key_table": "directus_users",
        "foreign_key_column": "id",
        "constraint_name": "job_applications_user_created_foreign",
        "on_update": "NO ACTION",
        "on_delete": "NO ACTION"
      }
    },
    {
      "field": "user_updated",
      "related_collection": "directus_users",
      "meta": {
        "junction_field": null,
        "many_collection": "job_applications",
        "many_field": "user_updated",
        "one_allowed_collections": null,
        "one_collection": "directus_users",
        "one_collection_field": null,
        "one_deselect_action": "nullify",
        "one_field": null,
        "sort_field": null
      },
      "schema": {
        "table": "job_applications",
        "column": "user_updated",
        "foreign_key_table": "directus_users",
        "foreign_key_column": "id",
        "constraint_name": "job_applications_user_updated_foreign",
        "on_update": "NO ACTION",
        "on_delete": "NO ACTION"
      }
    },
    {
      "field": "resume_used",
      "related_collection": "resumes",
      "meta": {
        "junction_field": null,
        "many_collection": "job_applications",
        "many_field": "resume_used",
        "one_allowed_collections": null,
        "one_collection": "resumes",
        "one_collection_field": null,
        "one_deselect_action": "nullify",
        "one_field": "job_applications",
        "sort_field": null
      },
      "schema": {
        "table": "job_applications",
        "column": "resume_used",
        "foreign_key_table": "resumes",
        "foreign_key_column": "id",
        "constraint_name": "job_applications_resume_used_foreign",
        "on_update": "NO ACTION",
        "on_delete": "SET NULL"
      }
    }
  ]
}