{
  "collection": "master_resume_system_docs",
  "meta": {
    "accountability": "all",
    "archive_app_filter": true,
    "archive_field": "status",
    "archive_value": "archived",
    "collapse": "open",
    "collection": "master_resume_system_docs",
    "color": null,
    "display_template": null,
    "group": null,
    "hidden": false,
    "icon": null,
    "item_duplication_fields": null,
    "note": null,
    "preview_url": null,
    "singleton": false,
    "sort": 3,
    "sort_field": "sort",
    "translations": null,
    "unarchive_value": "draft",
    "versioning": false
  },
  "schema": {
    "name": "master_resume_system_docs"
  },
  "fields": [
    {
      "field": "artifact_source",
      "type": "string",
      "meta": {
        "collection": "master_resume_system_docs",
        "conditions": null,
        "display": null,
        "display_options": null,
        "field": "artifact_source",
        "group": null,
        "hidden": false,
        "interface": "select-dropdown",
        "note": null,
        "options": {
          "choices": [
            {
              "text": "Claude Conversation",
              "value": "claude_conversation"
            },
            {
              "text": "Manual Entry",
              "value": "manual_entry"
            },
            {
              "text": "Meeting Notes",
              "value": "meeting_notes"
            },
            {
              "text": "Research",
              "value": "research"
            }
          ]
        },
        "readonly": false,
        "required": false,
        "sort": 19,
        "special": null,
        "translations": null,
        "validation": null,
        "validation_message": null,
        "width": "half"
      },
      "schema": {
        "name": "artifact_source",
        "table": "master_resume_system_docs",
        "data_type": "character varying",
        "default_value": null,
        "max_length": 255,
        "numeric_precision": null,
        "numeric_scale": null,
        "is_nullable": true,
        "is_unique": false,
        "is_indexed": false,
        "is_primary_key": false,
        "is_generated": false,
        "generation_expression": null,
        "has_auto_increment": false,
        "foreign_key_table": null,
        "foreign_key_column": null
      }
    },
    {
      "field": "artifact_type",
      "type": "string",
      "meta": {
        "collection": "master_resume_system_docs",
        "conditions": null,
        "display": null,
        "display_options": null,
        "field": "artifact_type",
        "group": null,
        "hidden": false,
        "interface": "select-dropdown",
        "note": null,
        "options": {
          "choices": [
            {
              "text": "Database Schema",
              "value": "database_schema"
            },
            {
              "text": "Feature Specification",
              "value": "feature_spec"
            },
            {
              "text": "API Design",
              "value": "api_design"
            },
            {
              "text": "UI/UX Design",
              "value": "ui_design"
            },
            {
              "text": "Technical Documentation",
              "value": "tech_docs"
            },
            {
              "text": "Requirements Document",
              "value": "requirements"
            },
            {
              "text": "Architecture Design",
              "value": "architecture"
            }
          ]
        },
        "readonly": false,
        "required": false,
        "sort": 9,
        "special": null,
        "translations": null,
        "validation": null,
        "validation_message": null,
        "width": "half"
      },
      "schema": {
        "name": "artifact_type",
        "table": "master_resume_system_docs",
        "data_type": "character varying",
        "default_value": null,
        "max_length": 255,
        "numeric_precision": null,
        "numeric_scale": null,
        "is_nullable": true,
        "is_unique": false,
        "is_indexed": false,
        "is_primary_key": false,
        "is_generated": false,
        "generation_expression": null,
        "has_auto_increment": false,
        "foreign_key_table": null,
        "foreign_key_column": null
      }
    },
    {
      "field": "content",
      "type": "text",
      "meta": {
        "collection": "master_resume_system_docs",
        "conditions": null,
        "display": null,
        "display_options": null,
        "field": "content",
        "group": null,
        "hidden": false,
        "interface": "input-rich-text-md",
        "note": null,
        "options": {
          "defaultView": "preview"
        },
        "readonly": false,
        "required": false,
        "sort": 10,
        "special": null,
        "translations": null,
        "validation": null,
        "validation_message": null,
        "width": "full"
      },
      "schema": {
        "name": "content",
        "table": "master_resume_system_docs",
        "data_type": "text",
        "default_value": null,
        "max_length": null,
        "numeric_precision": null,
        "numeric_scale": null,
        "is_nullable": true,
        "is_unique": false,
        "is_indexed": false,
        "is_primary_key": false,
        "is_generated": false,
        "generation_expression": null,
        "has_auto_increment": false,
        "foreign_key_table": null,
        "foreign_key_column": null
      }
    },
    {
      "field": "conversation_context",
      "type": "text",
      "meta": {
        "collection": "master_resume_system_docs",
        "conditions": null,
        "display": null,
        "display_options": null,
        "field": "conversation_context",
        "group": null,
        "hidden": false,
        "interface": "input-multiline",
        "note": null,
        "options": null,
        "readonly": false,
        "required": false,
        "sort": 12,
        "special": null,
        "translations": null,
        "validation": null,
        "validation_message": null,
        "width": "full"
      },
      "schema": {
        "name": "conversation_context",
        "table": "master_resume_system_docs",
        "data_type": "text",
        "default_value": null,
        "max_length": null,
        "numeric_precision": null,
        "numeric_scale": null,
        "is_nullable": true,
        "is_unique": false,
        "is_indexed": false,
        "is_primary_key": false,
        "is_generated": false,
        "generation_expression": null,
        "has_auto_increment": false,
        "foreign_key_table": null,
        "foreign_key_column": null
      }
    },
    {
      "field": "conversation_date",
      "type": "date",
      "meta": {
        "collection": "master_resume_system_docs",
        "conditions": null,
        "display": null,
        "display_options": null,
        "field": "conversation_date",
        "group": null,
        "hidden": false,
        "interface": "datetime",
        "note": null,
        "options": null,
        "readonly": false,
        "required": false,
        "sort": 11,
        "special": null,
        "translations": null,
        "validation": null,
        "validation_message": null,
        "width": "half"
      },
      "schema": {
        "name": "conversation_date",
        "table": "master_resume_system_docs",
        "data_type": "date",
        "default_value": null,
        "max_length": null,
        "numeric_precision": null,
        "numeric_scale": null,
        "is_nullable": true,
        "is_unique": false,
        "is_indexed": false,
        "is_primary_key": false,
        "is_generated": false,
        "generation_expression": null,
        "has_auto_increment": false,
        "foreign_key_table": null,
        "foreign_key_column": null
      }
    },
    {
      "field": "date_created",
      "type": "timestamp",
      "meta": {
        "collection": "master_resume_system_docs",
        "conditions": null,
        "display": "datetime",
        "display_options": {
          "relative": true
        },
        "field": "date_created",
        "group": null,
        "hidden": true,
        "interface": "datetime",
        "note": null,
        "options": null,
        "readonly": true,
        "required": false,
        "sort": 5,
        "special": [
          "date-created"
        ],
        "translations": null,
        "validation": null,
        "validation_message": null,
        "width": "half"
      },
      "schema": {
        "name": "date_created",
        "table": "master_resume_system_docs",
        "data_type": "timestamp with time zone",
        "default_value": null,
        "max_length": null,
        "numeric_precision": null,
        "numeric_scale": null,
        "is_nullable": true,
        "is_unique": false,
        "is_indexed": false,
        "is_primary_key": false,
        "is_generated": false,
        "generation_expression": null,
        "has_auto_increment": false,
        "foreign_key_table": null,
        "foreign_key_column": null
      }
    },
    {
      "field": "date_updated",
      "type": "timestamp",
      "meta": {
        "collection": "master_resume_system_docs",
        "conditions": null,
        "display": "datetime",
        "display_options": {
          "relative": true
        },
        "field": "date_updated",
        "group": null,
        "hidden": true,
        "interface": "datetime",
        "note": null,
        "options": null,
        "readonly": true,
        "required": false,
        "sort": 7,
        "special": [
          "date-updated"
        ],
        "translations": null,
        "validation": null,
        "validation_message": null,
        "width": "half"
      },
      "schema": {
        "name": "date_updated",
        "table": "master_resume_system_docs",
        "data_type": "timestamp with time zone",
        "default_value": null,
        "max_length": null,
        "numeric_precision": null,
        "numeric_scale": null,
        "is_nullable": true,
        "is_unique": false,
        "is_indexed": false,
        "is_primary_key": false,
        "is_generated": false,
        "generation_expression": null,
        "has_auto_increment": false,
        "foreign_key_table": null,
        "foreign_key_column": null
      }
    },
    {
      "field": "id",
      "type": "integer",
      "meta": {
        "collection": "master_resume_system_docs",
        "conditions": null,
        "display": null,
        "display_options": null,
        "field": "id",
        "group": null,
        "hidden": true,
        "interface": "input",
        "note": null,
        "options": null,
        "readonly": true,
        "required": false,
        "sort": 1,
        "special": null,
        "translations": null,
        "validation": null,
        "validation_message": null,
        "width": "full"
      },
      "schema": {
        "name": "id",
        "table": "master_resume_system_docs",
        "data_type": "integer",
        "default_value": null,
        "max_length": null,
        "numeric_precision": 32,
        "numeric_scale": 0,
        "is_nullable": false,
        "is_unique": true,
        "is_indexed": false,
        "is_primary_key": true,
        "is_generated": false,
        "generation_expression": null,
        "has_auto_increment": true,
        "foreign_key_table": null,
        "foreign_key_column": null
      }
    },
    {
      "field": "implementation_notes",
      "type": "text",
      "meta": {
        "collection": "master_resume_system_docs",
        "conditions": null,
        "display": null,
        "display_options": null,
        "field": "implementation_notes",
        "group": null,
        "hidden": false,
        "interface": "input-multiline",
        "note": null,
        "options": null,
        "readonly": false,
        "required": false,
        "sort": 20,
        "special": null,
        "translations": null,
        "validation": null,
        "validation_message": null,
        "width": "full"
      },
      "schema": {
        "name": "implementation_notes",
        "table": "master_resume_system_docs",
        "data_type": "text",
        "default_value": null,
        "max_length": null,
        "numeric_precision": null,
        "numeric_scale": null,
        "is_nullable": true,
        "is_unique": false,
        "is_indexed": false,
        "is_primary_key": false,
        "is_generated": false,
        "generation_expression": null,
        "has_auto_increment": false,
        "foreign_key_table": null,
        "foreign_key_column": null
      }
    },
    {
      "field": "key_decisions",
      "type": "text",
      "meta": {
        "collection": "master_resume_system_docs",
        "conditions": null,
        "display": null,
        "display_options": null,
        "field": "key_decisions",
        "group": null,
        "hidden": false,
        "interface": "input-multiline",
        "note": null,
        "options": null,
        "readonly": false,
        "required": false,
        "sort": 16,
        "special": null,
        "translations": null,
        "validation": null,
        "validation_message": null,
        "width": "full"
      },
      "schema": {
        "name": "key_decisions",
        "table": "master_resume_system_docs",
        "data_type": "text",
        "default_value": null,
        "max_length": null,
        "numeric_precision": null,
        "numeric_scale": null,
        "is_nullable": true,
        "is_unique": false,
        "is_indexed": false,
        "is_primary_key": false,
        "is_generated": false,
        "generation_expression": null,
        "has_auto_increment": false,
        "foreign_key_table": null,
        "foreign_key_column": null
      }
    },
    {
      "field": "next_steps",
      "type": "text",
      "meta": {
        "collection": "master_resume_system_docs",
        "conditions": null,
        "display": null,
        "display_options": null,
        "field": "next_steps",
        "group": null,
        "hidden": false,
        "interface": "input-multiline",
        "note": null,
        "options": null,
        "readonly": false,
        "required": false,
        "sort": 17,
        "special": null,
        "translations": null,
        "validation": null,
        "validation_message": null,
        "width": "full"
      },
      "schema": {
        "name": "next_steps",
        "table": "master_resume_system_docs",
        "data_type": "text",
        "default_value": null,
        "max_length": null,
        "numeric_precision": null,
        "numeric_scale": null,
        "is_nullable": true,
        "is_unique": false,
        "is_indexed": false,
        "is_primary_key": false,
        "is_generated": false,
        "generation_expression": null,
        "has_auto_increment": false,
        "foreign_key_table": null,
        "foreign_key_column": null
      }
    },
    {
      "field": "participants",
      "type": "string",
      "meta": {
        "collection": "master_resume_system_docs",
        "conditions": null,
        "display": null,
        "display_options": null,
        "field": "participants",
        "group": null,
        "hidden": false,
        "interface": "input",
        "note": null,
        "options": null,
        "readonly": false,
        "required": false,
        "sort": 18,
        "special": null,
        "translations": null,
        "validation": null,
        "validation_message": null,
        "width": "half"
      },
      "schema": {
        "name": "participants",
        "table": "master_resume_system_docs",
        "data_type": "character varying",
        "default_value": null,
        "max_length": 255,
        "numeric_precision": null,
        "numeric_scale": null,
        "is_nullable": true,
        "is_unique": false,
        "is_indexed": false,
        "is_primary_key": false,
        "is_generated": false,
        "generation_expression": null,
        "has_auto_increment": false,
        "foreign_key_table": null,
        "foreign_key_column": null
      }
    },
    {
      "field": "related_collections",
      "type": "json",
      "meta": {
        "collection": "master_resume_system_docs",
        "conditions": null,
        "display": null,
        "display_options": null,
        "field": "related_collections",
        "group": null,
        "hidden": false,
        "interface": "input-code",
        "note": null,
        "options": {
          "language": "json"
        },
        "readonly": false,
        "required": false,
        "sort": 15,
        "special": null,
        "translations": null,
        "validation": null,
        "validation_message": null,
        "width": "full"
      },
      "schema": {
        "name": "related_collections",
        "table": "master_resume_system_docs",
        "data_type": "json",
        "default_value": null,
        "max_length": null,
        "numeric_precision": null,
        "numeric_scale": null,
        "is_nullable": true,
        "is_unique": false,
        "is_indexed": false,
        "is_primary_key": false,
        "is_generated": false,
        "generation_expression": null,
        "has_auto_increment": false,
        "foreign_key_table": null,
        "foreign_key_column": null
      }
    },
    {
      "field": "sort",
      "type": "integer",
      "meta": {
        "collection": "master_resume_system_docs",
        "conditions": null,
        "display": null,
        "display_options": null,
        "field": "sort",
        "group": null,
        "hidden": true,
        "interface": "input",
        "note": null,
        "options": null,
        "readonly": false,
        "required": false,
        "sort": 3,
        "special": null,
        "translations": null,
        "validation": null,
        "validation_message": null,
        "width": "full"
      },
      "schema": {
        "name": "sort",
        "table": "master_resume_system_docs",
        "data_type": "integer",
        "default_value": null,
        "max_length": null,
        "numeric_precision": 32,
        "numeric_scale": 0,
        "is_nullable": true,
        "is_unique": false,
        "is_indexed": false,
        "is_primary_key": false,
        "is_generated": false,
        "generation_expression": null,
        "has_auto_increment": false,
        "foreign_key_table": null,
        "foreign_key_column": null
      }
    },
    {
      "field": "status",
      "type": "string",
      "meta": {
        "collection": "master_resume_system_docs",
        "conditions": null,
        "display": "labels",
        "display_options": {
          "choices": [
            {
              "background": "var(--theme--primary-background)",
              "color": "var(--theme--primary)",
              "foreground": "var(--theme--primary)",
              "text": "$t:published",
              "value": "published"
            },
            {
              "background": "var(--theme--background-normal)",
              "color": "var(--theme--foreground)",
              "foreground": "var(--theme--foreground)",
              "text": "$t:draft",
              "value": "draft"
            },
            {
              "background": "var(--theme--warning-background)",
              "color": "var(--theme--warning)",
              "foreground": "var(--theme--warning)",
              "text": "$t:archived",
              "value": "archived"
            }
          ],
          "showAsDot": true
        },
        "field": "status",
        "group": null,
        "hidden": false,
        "interface": "select-dropdown",
        "note": null,
        "options": {
          "choices": [
            {
              "color": "var(--theme--primary)",
              "text": "$t:published",
              "value": "published"
            },
            {
              "color": "var(--theme--foreground)",
              "text": "$t:draft",
              "value": "draft"
            },
            {
              "color": "var(--theme--warning)",
              "text": "$t:archived",
              "value": "archived"
            }
          ]
        },
        "readonly": false,
        "required": false,
        "sort": 2,
        "special": null,
        "translations": null,
        "validation": null,
        "validation_message": null,
        "width": "full"
      },
      "schema": {
        "name": "status",
        "table": "master_resume_system_docs",
        "data_type": "character varying",
        "default_value": "draft",
        "max_length": 255,
        "numeric_precision": null,
        "numeric_scale": null,
        "is_nullable": false,
        "is_unique": false,
        "is_indexed": false,
        "is_primary_key": false,
        "is_generated": false,
        "generation_expression": null,
        "has_auto_increment": false,
        "foreign_key_table": null,
        "foreign_key_column": null
      }
    },
    {
      "field": "tags",
      "type": "json",
      "meta": {
        "collection": "master_resume_system_docs",
        "conditions": null,
        "display": null,
        "display_options": null,
        "field": "tags",
        "group": null,
        "hidden": false,
        "interface": "tags",
        "note": null,
        "options": null,
        "readonly": false,
        "required": false,
        "sort": 14,
        "special": null,
        "translations": null,
        "validation": null,
        "validation_message": null,
        "width": "full"
      },
      "schema": {
        "name": "tags",
        "table": "master_resume_system_docs",
        "data_type": "json",
        "default_value": null,
        "max_length": null,
        "numeric_precision": null,
        "numeric_scale": null,
        "is_nullable": true,
        "is_unique": false,
        "is_indexed": false,
        "is_primary_key": false,
        "is_generated": false,
        "generation_expression": null,
        "has_auto_increment": false,
        "foreign_key_table": null,
        "foreign_key_column": null
      }
    },
    {
      "field": "title",
      "type": "string",
      "meta": {
        "collection": "master_resume_system_docs",
        "conditions": null,
        "display": null,
        "display_options": null,
        "field": "title",
        "group": null,
        "hidden": false,
        "interface": "input",
        "note": null,
        "options": null,
        "readonly": false,
        "required": true,
        "sort": 8,
        "special": null,
        "translations": null,
        "validation": null,
        "validation_message": null,
        "width": "full"
      },
      "schema": {
        "name": "title",
        "table": "master_resume_system_docs",
        "data_type": "character varying",
        "default_value": null,
        "max_length": 255,
        "numeric_precision": null,
        "numeric_scale": null,
        "is_nullable": false,
        "is_unique": false,
        "is_indexed": false,
        "is_primary_key": false,
        "is_generated": false,
        "generation_expression": null,
        "has_auto_increment": false,
        "foreign_key_table": null,
        "foreign_key_column": null
      }
    },
    {
      "field": "user_created",
      "type": "uuid",
      "meta": {
        "collection": "master_resume_system_docs",
        "conditions": null,
        "display": "user",
        "display_options": null,
        "field": "user_created",
        "group": null,
        "hidden": true,
        "interface": "select-dropdown-m2o",
        "note": null,
        "options": {
          "template": "{{avatar}} {{first_name}} {{last_name}}"
        },
        "readonly": true,
        "required": false,
        "sort": 4,
        "special": [
          "user-created"
        ],
        "translations": null,
        "validation": null,
        "validation_message": null,
        "width": "half"
      },
      "schema": {
        "name": "user_created",
        "table": "master_resume_system_docs",
        "data_type": "uuid",
        "default_value": null,
        "max_length": null,
        "numeric_precision": null,
        "numeric_scale": null,
        "is_nullable": true,
        "is_unique": false,
        "is_indexed": false,
        "is_primary_key": false,
        "is_generated": false,
        "generation_expression": null,
        "has_auto_increment": false,
        "foreign_key_table": "directus_users",
        "foreign_key_column": "id"
      }
    },
    {
      "field": "user_updated",
      "type": "uuid",
      "meta": {
        "collection": "master_resume_system_docs",
        "conditions": null,
        "display": "user",
        "display_options": null,
        "field": "user_updated",
        "group": null,
        "hidden": true,
        "interface": "select-dropdown-m2o",
        "note": null,
        "options": {
          "template": "{{avatar}} {{first_name}} {{last_name}}"
        },
        "readonly": true,
        "required": false,
        "sort": 6,
        "special": [
          "user-updated"
        ],
        "translations": null,
        "validation": null,
        "validation_message": null,
        "width": "half"
      },
      "schema": {
        "name": "user_updated",
        "table": "master_resume_system_docs",
        "data_type": "uuid",
        "default_value": null,
        "max_length": null,
        "numeric_precision": null,
        "numeric_scale": null,
        "is_nullable": true,
        "is_unique": false,
        "is_indexed": false,
        "is_primary_key": false,
        "is_generated": false,
        "generation_expression": null,
        "has_auto_increment": false,
        "foreign_key_table": "directus_users",
        "foreign_key_column": "id"
      }
    },
    {
      "field": "version",
      "type": "string",
      "meta": {
        "collection": "master_resume_system_docs",
        "conditions": null,
        "display": null,
        "display_options": null,
        "field": "version",
        "group": null,
        "hidden": false,
        "interface": "input",
        "note": null,
        "options": null,
        "readonly": false,
        "required": false,
        "sort": 13,
        "special": null,
        "translations": null,
        "validation": null,
        "validation_message": null,
        "width": "half"
      },
      "schema": {
        "name": "version",
        "table": "master_resume_system_docs",
        "data_type": "character varying",
        "default_value": null,
        "max_length": 255,
        "numeric_precision": null,
        "numeric_scale": null,
        "is_nullable": true,
        "is_unique": false,
        "is_indexed": false,
        "is_primary_key": false,
        "is_generated": false,
        "generation_expression": null,
        "has_auto_increment": false,
        "foreign_key_table": null,
        "foreign_key_column": null
      }
    }
  ],
  "relations": [
    {
      "field": "user_created",
      "related_collection": "directus_users",
      "meta": {
        "junction_field": null,
        "many_collection": "master_resume_system_docs",
        "many_field": "user_created",
        "one_allowed_collections": null,
        "one_collection": "directus_users",
        "one_collection_field": null,
        "one_deselect_action": "nullify",
        "one_field": null,
        "sort_field": null
      },
      "schema": {
        "table": "master_resume_system_docs",
        "column": "user_created",
        "foreign_key_table": "directus_users",
        "foreign_key_column": "id",
        "constraint_name": "master_resume_system_docs_user_created_foreign",
        "on_update": "NO ACTION",
        "on_delete": "NO ACTION"
      }
    },
    {
      "field": "user_updated",
      "related_collection": "directus_users",
      "meta": {
        "junction_field": null,
        "many_collection": "master_resume_system_docs",
        "many_field": "user_updated",
        "one_allowed_collections": null,
        "one_collection": "directus_users",
        "one_collection_field": null,
        "one_deselect_action": "nullify",
        "one_field": null,
        "sort_field": null
      },
      "schema": {
        "table": "master_resume_system_docs",
        "column": "user_updated",
        "foreign_key_table": "directus_users",
        "foreign_key_column": "id",
        "constraint_name": "master_resume_system_docs_user_updated_foreign",
        "on_update": "NO ACTION",
        "on_delete": "NO ACTION"
      }
    }
  ]
}