{
  "collection": "system_settings",
  "meta": {
    "accountability": "all",
    "archive_app_filter": true,
    "archive_field": "status",
    "archive_value": "archived",
    "collapse": "open",
    "collection": "system_settings",
    "color": null,
    "display_template": null,
    "group": null,
    "hidden": false,
    "icon": null,
    "item_duplication_fields": null,
    "note": null,
    "preview_url": null,
    "singleton": false,
    "sort": null,
    "sort_field": "sort",
    "translations": null,
    "unarchive_value": "draft",
    "versioning": false
  },
  "schema": {
    "name": "system_settings"
  },
  "fields": [
    {
      "field": "accent_color",
      "type": "string",
      "meta": {
        "collection": "system_settings",
        "conditions": null,
        "display": null,
        "display_options": null,
        "field": "accent_color",
        "group": null,
        "hidden": false,
        "interface": "input",
        "note": "Accent color for highlights",
        "options": null,
        "readonly": false,
        "required": false,
        "sort": 22,
        "special": null,
        "translations": null,
        "validation": null,
        "validation_message": null,
        "width": "half"
      },
      "schema": {
        "name": "accent_color",
        "table": "system_settings",
        "data_type": "character varying",
        "default_value": "#3B82F6",
        "max_length": 255,
        "numeric_precision": null,
        "numeric_scale": null,
        "is_nullable": true,
        "is_unique": false,
        "is_indexed": false,
        "is_primary_key": false,
        "is_generated": false,
        "generation_expression": null,
        "has_auto_increment": false,
        "foreign_key_table": null,
        "foreign_key_column": null
      }
    },
    {
      "field": "background_primary",
      "type": "string",
      "meta": {
        "collection": "system_settings",
        "conditions": null,
        "display": null,
        "display_options": null,
        "field": "background_primary",
        "group": null,
        "hidden": false,
        "interface": "input",
        "note": "Primary background color",
        "options": null,
        "readonly": false,
        "required": false,
        "sort": 16,
        "special": null,
        "translations": null,
        "validation": null,
        "validation_message": null,
        "width": "half"
      },
      "schema": {
        "name": "background_primary",
        "table": "system_settings",
        "data_type": "character varying",
        "default_value": "#FFFFFF",
        "max_length": 255,
        "numeric_precision": null,
        "numeric_scale": null,
        "is_nullable": true,
        "is_unique": false,
        "is_indexed": false,
        "is_primary_key": false,
        "is_generated": false,
        "generation_expression": null,
        "has_auto_increment": false,
        "foreign_key_table": null,
        "foreign_key_column": null
      }
    },
    {
      "field": "background_secondary",
      "type": "string",
      "meta": {
        "collection": "system_settings",
        "conditions": null,
        "display": null,
        "display_options": null,
        "field": "background_secondary",
        "group": null,
        "hidden": false,
        "interface": "input",
        "note": "Secondary background color",
        "options": null,
        "readonly": false,
        "required": false,
        "sort": 17,
        "special": null,
        "translations": null,
        "validation": null,
        "validation_message": null,
        "width": "half"
      },
      "schema": {
        "name": "background_secondary",
        "table": "system_settings",
        "data_type": "character varying",
        "default_value": "#F9FAFB",
        "max_length": 255,
        "numeric_precision": null,
        "numeric_scale": null,
        "is_nullable": true,
        "is_unique": false,
        "is_indexed": false,
        "is_primary_key": false,
        "is_generated": false,
        "generation_expression": null,
        "has_auto_increment": false,
        "foreign_key_table": null,
        "foreign_key_column": null
      }
    },
    {
      "field": "date_created",
      "type": "timestamp",
      "meta": {
        "collection": "system_settings",
        "conditions": null,
        "display": "datetime",
        "display_options": {
          "relative": true
        },
        "field": "date_created",
        "group": null,
        "hidden": true,
        "interface": "datetime",
        "note": null,
        "options": null,
        "readonly": true,
        "required": false,
        "sort": 5,
        "special": [
          "date-created"
        ],
        "translations": null,
        "validation": null,
        "validation_message": null,
        "width": "half"
      },
      "schema": {
        "name": "date_created",
        "table": "system_settings",
        "data_type": "timestamp with time zone",
        "default_value": null,
        "max_length": null,
        "numeric_precision": null,
        "numeric_scale": null,
        "is_nullable": true,
        "is_unique": false,
        "is_indexed": false,
        "is_primary_key": false,
        "is_generated": false,
        "generation_expression": null,
        "has_auto_increment": false,
        "foreign_key_table": null,
        "foreign_key_column": null
      }
    },
    {
      "field": "date_updated",
      "type": "timestamp",
      "meta": {
        "collection": "system_settings",
        "conditions": null,
        "display": "datetime",
        "display_options": {
          "relative": true
        },
        "field": "date_updated",
        "group": null,
        "hidden": true,
        "interface": "datetime",
        "note": null,
        "options": null,
        "readonly": true,
        "required": false,
        "sort": 7,
        "special": [
          "date-updated"
        ],
        "translations": null,
        "validation": null,
        "validation_message": null,
        "width": "half"
      },
      "schema": {
        "name": "date_updated",
        "table": "system_settings",
        "data_type": "timestamp with time zone",
        "default_value": null,
        "max_length": null,
        "numeric_precision": null,
        "numeric_scale": null,
        "is_nullable": true,
        "is_unique": false,
        "is_indexed": false,
        "is_primary_key": false,
        "is_generated": false,
        "generation_expression": null,
        "has_auto_increment": false,
        "foreign_key_table": null,
        "foreign_key_column": null
      }
    },
    {
      "field": "enable_animations",
      "type": "boolean",
      "meta": {
        "collection": "system_settings",
        "conditions": null,
        "display": null,
        "display_options": null,
        "field": "enable_animations",
        "group": null,
        "hidden": false,
        "interface": "boolean",
        "note": "Enable site animations",
        "options": null,
        "readonly": false,
        "required": false,
        "sort": 20,
        "special": null,
        "translations": null,
        "validation": null,
        "validation_message": null,
        "width": "half"
      },
      "schema": {
        "name": "enable_animations",
        "table": "system_settings",
        "data_type": "boolean",
        "default_value": true,
        "max_length": null,
        "numeric_precision": null,
        "numeric_scale": null,
        "is_nullable": true,
        "is_unique": false,
        "is_indexed": false,
        "is_primary_key": false,
        "is_generated": false,
        "generation_expression": null,
        "has_auto_increment": false,
        "foreign_key_table": null,
        "foreign_key_column": null
      }
    },
    {
      "field": "enable_dark_mode",
      "type": "boolean",
      "meta": {
        "collection": "system_settings",
        "conditions": null,
        "display": null,
        "display_options": null,
        "field": "enable_dark_mode",
        "group": null,
        "hidden": false,
        "interface": "boolean",
        "note": "Enable dark mode toggle",
        "options": null,
        "readonly": false,
        "required": false,
        "sort": 21,
        "special": null,
        "translations": null,
        "validation": null,
        "validation_message": null,
        "width": "half"
      },
      "schema": {
        "name": "enable_dark_mode",
        "table": "system_settings",
        "data_type": "boolean",
        "default_value": false,
        "max_length": null,
        "numeric_precision": null,
        "numeric_scale": null,
        "is_nullable": true,
        "is_unique": false,
        "is_indexed": false,
        "is_primary_key": false,
        "is_generated": false,
        "generation_expression": null,
        "has_auto_increment": false,
        "foreign_key_table": null,
        "foreign_key_column": null
      }
    },
    {
      "field": "font_mono",
      "type": "string",
      "meta": {
        "collection": "system_settings",
        "conditions": null,
        "display": null,
        "display_options": null,
        "field": "font_mono",
        "group": null,
        "hidden": false,
        "interface": "input",
        "note": "Monospace font family",
        "options": null,
        "readonly": false,
        "required": false,
        "sort": 12,
        "special": null,
        "translations": null,
        "validation": null,
        "validation_message": null,
        "width": "half"
      },
      "schema": {
        "name": "font_mono",
        "table": "system_settings",
        "data_type": "character varying",
        "default_value": "Fira Code, Monaco, monospace",
        "max_length": 255,
        "numeric_precision": null,
        "numeric_scale": null,
        "is_nullable": true,
        "is_unique": false,
        "is_indexed": false,
        "is_primary_key": false,
        "is_generated": false,
        "generation_expression": null,
        "has_auto_increment": false,
        "foreign_key_table": null,
        "foreign_key_column": null
      }
    },
    {
      "field": "font_primary",
      "type": "string",
      "meta": {
        "collection": "system_settings",
        "conditions": null,
        "display": null,
        "display_options": null,
        "field": "font_primary",
        "group": null,
        "hidden": false,
        "interface": "input",
        "note": "Primary font family",
        "options": null,
        "readonly": false,
        "required": false,
        "sort": 10,
        "special": null,
        "translations": null,
        "validation": null,
        "validation_message": null,
        "width": "half"
      },
      "schema": {
        "name": "font_primary",
        "table": "system_settings",
        "data_type": "character varying",
        "default_value": "Inter, system-ui, sans-serif",
        "max_length": 255,
        "numeric_precision": null,
        "numeric_scale": null,
        "is_nullable": true,
        "is_unique": false,
        "is_indexed": false,
        "is_primary_key": false,
        "is_generated": false,
        "generation_expression": null,
        "has_auto_increment": false,
        "foreign_key_table": null,
        "foreign_key_column": null
      }
    },
    {
      "field": "font_secondary",
      "type": "string",
      "meta": {
        "collection": "system_settings",
        "conditions": null,
        "display": null,
        "display_options": null,
        "field": "font_secondary",
        "group": null,
        "hidden": false,
        "interface": "input",
        "note": "Secondary font family",
        "options": null,
        "readonly": false,
        "required": false,
        "sort": 11,
        "special": null,
        "translations": null,
        "validation": null,
        "validation_message": null,
        "width": "half"
      },
      "schema": {
        "name": "font_secondary",
        "table": "system_settings",
        "data_type": "character varying",
        "default_value": "system-ui, sans-serif",
        "max_length": 255,
        "numeric_precision": null,
        "numeric_scale": null,
        "is_nullable": true,
        "is_unique": false,
        "is_indexed": false,
        "is_primary_key": false,
        "is_generated": false,
        "generation_expression": null,
        "has_auto_increment": false,
        "foreign_key_table": null,
        "foreign_key_column": null
      }
    },
    {
      "field": "id",
      "type": "integer",
      "meta": {
        "collection": "system_settings",
        "conditions": null,
        "display": null,
        "display_options": null,
        "field": "id",
        "group": null,
        "hidden": true,
        "interface": "input",
        "note": null,
        "options": null,
        "readonly": true,
        "required": false,
        "sort": 1,
        "special": null,
        "translations": null,
        "validation": null,
        "validation_message": null,
        "width": "full"
      },
      "schema": {
        "name": "id",
        "table": "system_settings",
        "data_type": "integer",
        "default_value": null,
        "max_length": null,
        "numeric_precision": 32,
        "numeric_scale": 0,
        "is_nullable": false,
        "is_unique": true,
        "is_indexed": false,
        "is_primary_key": true,
        "is_generated": false,
        "generation_expression": null,
        "has_auto_increment": true,
        "foreign_key_table": null,
        "foreign_key_column": null
      }
    },
    {
      "field": "primary_color",
      "type": "string",
      "meta": {
        "collection": "system_settings",
        "conditions": null,
        "display": null,
        "display_options": null,
        "field": "primary_color",
        "group": null,
        "hidden": false,
        "interface": "input",
        "note": "Primary brand color",
        "options": null,
        "readonly": false,
        "required": false,
        "sort": 13,
        "special": null,
        "translations": null,
        "validation": null,
        "validation_message": null,
        "width": "half"
      },
      "schema": {
        "name": "primary_color",
        "table": "system_settings",
        "data_type": "character varying",
        "default_value": "#374151",
        "max_length": 255,
        "numeric_precision": null,
        "numeric_scale": null,
        "is_nullable": true,
        "is_unique": false,
        "is_indexed": false,
        "is_primary_key": false,
        "is_generated": false,
        "generation_expression": null,
        "has_auto_increment": false,
        "foreign_key_table": null,
        "foreign_key_column": null
      }
    },
    {
      "field": "primary_dark",
      "type": "string",
      "meta": {
        "collection": "system_settings",
        "conditions": null,
        "display": null,
        "display_options": null,
        "field": "primary_dark",
        "group": null,
        "hidden": false,
        "interface": "input",
        "note": "Dark primary color",
        "options": null,
        "readonly": false,
        "required": false,
        "sort": 15,
        "special": null,
        "translations": null,
        "validation": null,
        "validation_message": null,
        "width": "half"
      },
      "schema": {
        "name": "primary_dark",
        "table": "system_settings",
        "data_type": "character varying",
        "default_value": "#1F2937",
        "max_length": 255,
        "numeric_precision": null,
        "numeric_scale": null,
        "is_nullable": true,
        "is_unique": false,
        "is_indexed": false,
        "is_primary_key": false,
        "is_generated": false,
        "generation_expression": null,
        "has_auto_increment": false,
        "foreign_key_table": null,
        "foreign_key_column": null
      }
    },
    {
      "field": "primary_light",
      "type": "string",
      "meta": {
        "collection": "system_settings",
        "conditions": null,
        "display": null,
        "display_options": null,
        "field": "primary_light",
        "group": null,
        "hidden": false,
        "interface": "input",
        "note": "Light primary color",
        "options": null,
        "readonly": false,
        "required": false,
        "sort": 14,
        "special": null,
        "translations": null,
        "validation": null,
        "validation_message": null,
        "width": "half"
      },
      "schema": {
        "name": "primary_light",
        "table": "system_settings",
        "data_type": "character varying",
        "default_value": "#6B7280",
        "max_length": 255,
        "numeric_precision": null,
        "numeric_scale": null,
        "is_nullable": true,
        "is_unique": false,
        "is_indexed": false,
        "is_primary_key": false,
        "is_generated": false,
        "generation_expression": null,
        "has_auto_increment": false,
        "foreign_key_table": null,
        "foreign_key_column": null
      }
    },
    {
      "field": "site_name",
      "type": "string",
      "meta": {
        "collection": "system_settings",
        "conditions": null,
        "display": null,
        "display_options": null,
        "field": "site_name",
        "group": null,
        "hidden": false,
        "interface": "input",
        "note": "Main site title",
        "options": null,
        "readonly": false,
        "required": false,
        "sort": 8,
        "special": null,
        "translations": null,
        "validation": null,
        "validation_message": null,
        "width": "half"
      },
      "schema": {
        "name": "site_name",
        "table": "system_settings",
        "data_type": "character varying",
        "default_value": "Jay Shoemaker Portfolio",
        "max_length": 255,
        "numeric_precision": null,
        "numeric_scale": null,
        "is_nullable": true,
        "is_unique": false,
        "is_indexed": false,
        "is_primary_key": false,
        "is_generated": false,
        "generation_expression": null,
        "has_auto_increment": false,
        "foreign_key_table": null,
        "foreign_key_column": null
      }
    },
    {
      "field": "sort",
      "type": "integer",
      "meta": {
        "collection": "system_settings",
        "conditions": null,
        "display": null,
        "display_options": null,
        "field": "sort",
        "group": null,
        "hidden": true,
        "interface": "input",
        "note": null,
        "options": null,
        "readonly": false,
        "required": false,
        "sort": 3,
        "special": null,
        "translations": null,
        "validation": null,
        "validation_message": null,
        "width": "full"
      },
      "schema": {
        "name": "sort",
        "table": "system_settings",
        "data_type": "integer",
        "default_value": null,
        "max_length": null,
        "numeric_precision": 32,
        "numeric_scale": 0,
        "is_nullable": true,
        "is_unique": false,
        "is_indexed": false,
        "is_primary_key": false,
        "is_generated": false,
        "generation_expression": null,
        "has_auto_increment": false,
        "foreign_key_table": null,
        "foreign_key_column": null
      }
    },
    {
      "field": "status",
      "type": "string",
      "meta": {
        "collection": "system_settings",
        "conditions": null,
        "display": "labels",
        "display_options": {
          "choices": [
            {
              "background": "var(--theme--primary-background)",
              "color": "var(--theme--primary)",
              "foreground": "var(--theme--primary)",
              "text": "$t:published",
              "value": "published"
            },
            {
              "background": "var(--theme--background-normal)",
              "color": "var(--theme--foreground)",
              "foreground": "var(--theme--foreground)",
              "text": "$t:draft",
              "value": "draft"
            },
            {
              "background": "var(--theme--warning-background)",
              "color": "var(--theme--warning)",
              "foreground": "var(--theme--warning)",
              "text": "$t:archived",
              "value": "archived"
            }
          ],
          "showAsDot": true
        },
        "field": "status",
        "group": null,
        "hidden": false,
        "interface": "select-dropdown",
        "note": null,
        "options": {
          "choices": [
            {
              "color": "var(--theme--primary)",
              "text": "$t:published",
              "value": "published"
            },
            {
              "color": "var(--theme--foreground)",
              "text": "$t:draft",
              "value": "draft"
            },
            {
              "color": "var(--theme--warning)",
              "text": "$t:archived",
              "value": "archived"
            }
          ]
        },
        "readonly": false,
        "required": false,
        "sort": 2,
        "special": null,
        "translations": null,
        "validation": null,
        "validation_message": null,
        "width": "full"
      },
      "schema": {
        "name": "status",
        "table": "system_settings",
        "data_type": "character varying",
        "default_value": "draft",
        "max_length": 255,
        "numeric_precision": null,
        "numeric_scale": null,
        "is_nullable": false,
        "is_unique": false,
        "is_indexed": false,
        "is_primary_key": false,
        "is_generated": false,
        "generation_expression": null,
        "has_auto_increment": false,
        "foreign_key_table": null,
        "foreign_key_column": null
      }
    },
    {
      "field": "success_color",
      "type": "string",
      "meta": {
        "collection": "system_settings",
        "conditions": null,
        "display": null,
        "display_options": null,
        "field": "success_color",
        "group": null,
        "hidden": false,
        "interface": "input",
        "note": "Success/achievement color",
        "options": null,
        "readonly": false,
        "required": false,
        "sort": 23,
        "special": null,
        "translations": null,
        "validation": null,
        "validation_message": null,
        "width": "half"
      },
      "schema": {
        "name": "success_color",
        "table": "system_settings",
        "data_type": "character varying",
        "default_value": "#10B981",
        "max_length": 255,
        "numeric_precision": null,
        "numeric_scale": null,
        "is_nullable": true,
        "is_unique": false,
        "is_indexed": false,
        "is_primary_key": false,
        "is_generated": false,
        "generation_expression": null,
        "has_auto_increment": false,
        "foreign_key_table": null,
        "foreign_key_column": null
      }
    },
    {
      "field": "tagline",
      "type": "string",
      "meta": {
        "collection": "system_settings",
        "conditions": null,
        "display": null,
        "display_options": null,
        "field": "tagline",
        "group": null,
        "hidden": false,
        "interface": "input",
        "note": "Professional tagline",
        "options": null,
        "readonly": false,
        "required": false,
        "sort": 9,
        "special": null,
        "translations": null,
        "validation": null,
        "validation_message": null,
        "width": "half"
      },
      "schema": {
        "name": "tagline",
        "table": "system_settings",
        "data_type": "character varying",
        "default_value": "Product Leader with an Entrepreneur''s Heart",
        "max_length": 255,
        "numeric_precision": null,
        "numeric_scale": null,
        "is_nullable": true,
        "is_unique": false,
        "is_indexed": false,
        "is_primary_key": false,
        "is_generated": false,
        "generation_expression": null,
        "has_auto_increment": false,
        "foreign_key_table": null,
        "foreign_key_column": null
      }
    },
    {
      "field": "text_primary",
      "type": "string",
      "meta": {
        "collection": "system_settings",
        "conditions": null,
        "display": null,
        "display_options": null,
        "field": "text_primary",
        "group": null,
        "hidden": false,
        "interface": "input",
        "note": "Primary text color",
        "options": null,
        "readonly": false,
        "required": false,
        "sort": 18,
        "special": null,
        "translations": null,
        "validation": null,
        "validation_message": null,
        "width": "half"
      },
      "schema": {
        "name": "text_primary",
        "table": "system_settings",
        "data_type": "character varying",
        "default_value": "#111827",
        "max_length": 255,
        "numeric_precision": null,
        "numeric_scale": null,
        "is_nullable": true,
        "is_unique": false,
        "is_indexed": false,
        "is_primary_key": false,
        "is_generated": false,
        "generation_expression": null,
        "has_auto_increment": false,
        "foreign_key_table": null,
        "foreign_key_column": null
      }
    },
    {
      "field": "text_secondary",
      "type": "string",
      "meta": {
        "collection": "system_settings",
        "conditions": null,
        "display": null,
        "display_options": null,
        "field": "text_secondary",
        "group": null,
        "hidden": false,
        "interface": "input",
        "note": "Secondary text color",
        "options": null,
        "readonly": false,
        "required": false,
        "sort": 19,
        "special": null,
        "translations": null,
        "validation": null,
        "validation_message": null,
        "width": "half"
      },
      "schema": {
        "name": "text_secondary",
        "table": "system_settings",
        "data_type": "character varying",
        "default_value": "#6B7280",
        "max_length": 255,
        "numeric_precision": null,
        "numeric_scale": null,
        "is_nullable": true,
        "is_unique": false,
        "is_indexed": false,
        "is_primary_key": false,
        "is_generated": false,
        "generation_expression": null,
        "has_auto_increment": false,
        "foreign_key_table": null,
        "foreign_key_column": null
      }
    },
    {
      "field": "user_created",
      "type": "uuid",
      "meta": {
        "collection": "system_settings",
        "conditions": null,
        "display": "user",
        "display_options": null,
        "field": "user_created",
        "group": null,
        "hidden": true,
        "interface": "select-dropdown-m2o",
        "note": null,
        "options": {
          "template": "{{avatar}} {{first_name}} {{last_name}}"
        },
        "readonly": true,
        "required": false,
        "sort": 4,
        "special": [
          "user-created"
        ],
        "translations": null,
        "validation": null,
        "validation_message": null,
        "width": "half"
      },
      "schema": {
        "name": "user_created",
        "table": "system_settings",
        "data_type": "uuid",
        "default_value": null,
        "max_length": null,
        "numeric_precision": null,
        "numeric_scale": null,
        "is_nullable": true,
        "is_unique": false,
        "is_indexed": false,
        "is_primary_key": false,
        "is_generated": false,
        "generation_expression": null,
        "has_auto_increment": false,
        "foreign_key_table": "directus_users",
        "foreign_key_column": "id"
      }
    },
    {
      "field": "user_updated",
      "type": "uuid",
      "meta": {
        "collection": "system_settings",
        "conditions": null,
        "display": "user",
        "display_options": null,
        "field": "user_updated",
        "group": null,
        "hidden": true,
        "interface": "select-dropdown-m2o",
        "note": null,
        "options": {
          "template": "{{avatar}} {{first_name}} {{last_name}}"
        },
        "readonly": true,
        "required": false,
        "sort": 6,
        "special": [
          "user-updated"
        ],
        "translations": null,
        "validation": null,
        "validation_message": null,
        "width": "half"
      },
      "schema": {
        "name": "user_updated",
        "table": "system_settings",
        "data_type": "uuid",
        "default_value": null,
        "max_length": null,
        "numeric_precision": null,
        "numeric_scale": null,
        "is_nullable": true,
        "is_unique": false,
        "is_indexed": false,
        "is_primary_key": false,
        "is_generated": false,
        "generation_expression": null,
        "has_auto_increment": false,
        "foreign_key_table": "directus_users",
        "foreign_key_column": "id"
      }
    },
    {
      "field": "warning_color",
      "type": "string",
      "meta": {
        "collection": "system_settings",
        "conditions": null,
        "display": null,
        "display_options": null,
        "field": "warning_color",
        "group": null,
        "hidden": false,
        "interface": "input",
        "note": "Warning/attention color",
        "options": null,
        "readonly": false,
        "required": false,
        "sort": 24,
        "special": null,
        "translations": null,
        "validation": null,
        "validation_message": null,
        "width": "half"
      },
      "schema": {
        "name": "warning_color",
        "table": "system_settings",
        "data_type": "character varying",
        "default_value": "#F59E0B",
        "max_length": 255,
        "numeric_precision": null,
        "numeric_scale": null,
        "is_nullable": true,
        "is_unique": false,
        "is_indexed": false,
        "is_primary_key": false,
        "is_generated": false,
        "generation_expression": null,
        "has_auto_increment": false,
        "foreign_key_table": null,
        "foreign_key_column": null
      }
    }
  ],
  "relations": [
    {
      "field": "user_created",
      "related_collection": "directus_users",
      "meta": {
        "junction_field": null,
        "many_collection": "system_settings",
        "many_field": "user_created",
        "one_allowed_collections": null,
        "one_collection": "directus_users",
        "one_collection_field": null,
        "one_deselect_action": "nullify",
        "one_field": null,
        "sort_field": null
      },
      "schema": {
        "table": "system_settings",
        "column": "user_created",
        "foreign_key_table": "directus_users",
        "foreign_key_column": "id",
        "constraint_name": "system_settings_user_created_foreign",
        "on_update": "NO ACTION",
        "on_delete": "NO ACTION"
      }
    },
    {
      "field": "user_updated",
      "related_collection": "directus_users",
      "meta": {
        "junction_field": null,
        "many_collection": "system_settings",
        "many_field": "user_updated",
        "one_allowed_collections": null,
        "one_collection": "directus_users",
        "one_collection_field": null,
        "one_deselect_action": "nullify",
        "one_field": null,
        "sort_field": null
      },
      "schema": {
        "table": "system_settings",
        "column": "user_updated",
        "foreign_key_table": "directus_users",
        "foreign_key_column": "id",
        "constraint_name": "system_settings_user_updated_foreign",
        "on_update": "NO ACTION",
        "on_delete": "NO ACTION"
      }
    }
  ]
}